WARNING: --no-reboot is deprecated, use --phases kexec,disko,install instead
Warning: Identity file /tmp/tmp.Ags4eu7lGt/nixos-anywhere not accessible: No such file or directory.
Pseudo-terminal will not be allocated because stdin is not a terminal.
### Uploading install SSH keys ###
/run/current-system/sw/bin/ssh-copy-id: INFO: Source of key(s) to be installed: "/tmp/tmp.Ags4eu7lGt/nixos-anywhere.pub"
/run/current-system/sw/bin/ssh-copy-id: INFO: attempting to log in with the new key(s), to filter out any that are already installed
/run/current-system/sw/bin/ssh-copy-id: INFO: 1 key(s) remain to be installed -- if you are prompted now it is to install the new keys
Warning: Permanently added '192.168.63.101' (ED25519) to the list of known hosts.

Number of key(s) added: 1

Now try logging into the machine, with: "ssh -i /tmp/tmp.Ags4eu7lGt/nixos-anywhere -o 'IdentitiesOnly=no' -o 'ConnectTimeout=10' -o 'IdentitiesOnly=yes' -o 'UserKnownHostsFile=/dev/null' -o 'StrictHostKeyChecking=no' 'root@192.168.63.101'"
and check to make sure that only the key(s) you wanted were added.

### Gathering machine facts ###
Warning: Permanently added '192.168.63.101' (ED25519) to the list of known hosts.
Warning: Permanently added '192.168.63.101' (ED25519) to the list of known hosts.
error (ignored): SQLite database '/home/vivian/.cache/nix/eval-cache-v6/2606bf489b3a1d1a5da576b590f73346e974f8ff5100a702a511757bdd1940d9.sqlite' is busy
error (ignored): SQLite database '/home/vivian/.cache/nix/eval-cache-v6/2606bf489b3a1d1a5da576b590f73346e974f8ff5100a702a511757bdd1940d9.sqlite' is busy
Warning: Permanently added '192.168.63.101' (ED25519) to the list of known hosts.
Warning: Permanently added '192.168.63.101' (ED25519) to the list of known hosts.
copying 3 paths...
copying path '/nix/store/4asyz4vmi5pjgnzns70pr7hsl91f6r8z-disk-deactivate' to 'ssh://root@192.168.63.101'...
copying path '/nix/store/1pi56hricql7dc6xbilr7qgv061n5ha4-disko' to 'ssh://root@192.168.63.101'...
copying path '/nix/store/7gj3xjvjc2gdh5bbl6y073qy6197n52c-disko' to 'ssh://root@192.168.63.101'...
### Formatting hard drive with disko ###
Warning: Permanently added '192.168.63.101' (ED25519) to the list of known hosts.
umount: /mnt: not mounted
++ realpath /dev/sda
+ disk=/dev/sda
+ lsblk -a -f
NAME  FSTYPE   FSVER            LABEL                      UUID                                 FSAVAIL FSUSE% MOUNTPOINTS
loop0 squashfs 4.0                                                                                    0   100% /nix/.ro-store
loop1                                                                                                          
loop2                                                                                                          
loop3                                                                                                          
loop4                                                                                                          
loop5                                                                                                          
loop6                                                                                                          
loop7                                                                                                          
sda                                                                                                            
sr0   iso9660  Joliet Extension nixos-minimal-26.05-x86_64 1980-01-01-00-00-00-00                     0   100% /iso
+ lsblk --output-all --json
+ bash -x
++ dirname /nix/store/4asyz4vmi5pjgnzns70pr7hsl91f6r8z-disk-deactivate/disk-deactivate
+ jq -r -f /nix/store/4asyz4vmi5pjgnzns70pr7hsl91f6r8z-disk-deactivate/zfs-swap-deactivate.jq
+ lsblk --output-all --json
+ bash -x
++ dirname /nix/store/4asyz4vmi5pjgnzns70pr7hsl91f6r8z-disk-deactivate/disk-deactivate
+ jq -r --arg disk_to_clear /dev/sda -f /nix/store/4asyz4vmi5pjgnzns70pr7hsl91f6r8z-disk-deactivate/disk-deactivate.jq
+ set -fu
++ type zdb
++ zdb -l /dev/sda
++ sed -nr 's/ +name: '\''(.*)'\''/\1/p'
+ zpool=
+ [[ -n '' ]]
+ unset zpool
++ lsblk /dev/sda -l -p -o type,name
++ awk 'match($1,"raid.*") {print $2}'
+ md_dev=
+ [[ -n '' ]]
+ wipefs --all -f /dev/sda
+ dd if=/dev/zero of=/dev/sda bs=440 count=1
1+0 records in
1+0 records out
440 bytes copied, 7.3477e-05 s, 6.0 MB/s
+ lsblk -a -f
NAME  FSTYPE   FSVER            LABEL                      UUID                                 FSAVAIL FSUSE% MOUNTPOINTS
loop0 squashfs 4.0                                                                                    0   100% /nix/.ro-store
loop1                                                                                                          
loop2                                                                                                          
loop3                                                                                                          
loop4                                                                                                          
loop5                                                                                                          
loop6                                                                                                          
loop7                                                                                                          
sda                                                                                                            
sr0   iso9660  Joliet Extension nixos-minimal-26.05-x86_64 1980-01-01-00-00-00-00                     0   100% /iso
++ mktemp -d
+ disko_devices_dir=/tmp/tmp.8Cdul5AHaJ
+ trap 'rm -rf "$disko_devices_dir"' EXIT
+ mkdir -p /tmp/tmp.8Cdul5AHaJ
+ destroy=1
+ device=/dev/sda
+ imageName=virtualbox
+ imageSize=2G
+ name=virtualbox
+ type=disk
+ device=/dev/sda
+ efiGptPartitionFirst=1
+ type=gpt
+ blkid /dev/sda
+ sgdisk --clear /dev/sda
Creating new GPT entries in memory.
The operation has completed successfully.
+ sgdisk --align-end --new=1:0:+512M --partition-guid=1:R --change-name=1:disk-virtualbox-ESP --typecode=1:EF00 --attributes=1:=:0 /dev/sda
The operation has completed successfully.
+ partprobe /dev/sda
+ udevadm trigger --subsystem-match=block
+ udevadm settle --timeout 120
+ sgdisk --align-end --new=2:0:-0 --partition-guid=2:R --change-name=2:disk-virtualbox-root --typecode=2:8300 --attributes=2:=:0 /dev/sda
The operation has completed successfully.
+ partprobe /dev/sda
+ udevadm trigger --subsystem-match=block
+ udevadm settle --timeout 120
+ device=/dev/disk/by-partlabel/disk-virtualbox-ESP
+ extraArgs=('-n' 'BOOT')
+ declare -a extraArgs
+ format=vfat
+ mountOptions=('fmask=0077' 'dmask=0077' 'noatime')
+ declare -a mountOptions
+ mountpoint=/boot
+ type=filesystem
+ blkid /dev/disk/by-partlabel/disk-virtualbox-ESP
+ grep -q TYPE=
+ mkfs.vfat -n BOOT /dev/disk/by-partlabel/disk-virtualbox-ESP
mkfs.fat 4.2 (2021-01-31)
+ device=/dev/disk/by-partlabel/disk-virtualbox-root
+ extraArgs=('-L' 'root')
+ declare -a extraArgs
+ mountOptions=('defaults')
+ declare -a mountOptions
+ mountpoint=
+ type=btrfs
+ blkid /dev/disk/by-partlabel/disk-virtualbox-root -o export
+ grep -q '^TYPE='
+ mkfs.btrfs /dev/disk/by-partlabel/disk-virtualbox-root -L root
btrfs-progs v6.19.1
See https://btrfs.readthedocs.io for more information.

NOTE: default settings have changed in version 6.19 (supported since linux 6.1):
      - enable block-group-tree (-O bgt)

Label:              root
UUID:               7a46f242-4091-4a0b-9010-967a4b7d1a09
Node size:          16384
Sector size:        4096	(CPU page size: 4096)
Filesystem size:    31.50GiB
Block group profiles:
  Data:             single            8.00MiB
  Metadata:         DUP             256.00MiB
  System:           DUP               8.00MiB
SSD detected:       no
Zoned device:       no
Features:           extref, skinny-metadata, no-holes, free-space-tree, block-group-tree
Checksum:           crc32c
Number of devices:  1
Devices:
   ID        SIZE  PATH                                       
    1    31.50GiB  /dev/disk/by-partlabel/disk-virtualbox-root

+ blkid /dev/disk/by-partlabel/disk-virtualbox-root -o export
+ grep -q '^TYPE=btrfs$'
++ mktemp -d
+ MNTPOINT=/tmp/tmp.Uwdv7H5uQK
+ mount /dev/disk/by-partlabel/disk-virtualbox-root /tmp/tmp.Uwdv7H5uQK -o subvol=/
+ trap 'umount "$MNTPOINT"; rm -rf "$MNTPOINT"' EXIT
+ SUBVOL_ABS_PATH=/tmp/tmp.Uwdv7H5uQK//home
++ dirname /tmp/tmp.Uwdv7H5uQK//home
+ mkdir -p /tmp/tmp.Uwdv7H5uQK
+ btrfs subvolume show /tmp/tmp.Uwdv7H5uQK//home
+ btrfs subvolume create /tmp/tmp.Uwdv7H5uQK//home
Create subvolume '/tmp/tmp.Uwdv7H5uQK/home'
++ umount /tmp/tmp.Uwdv7H5uQK
++ rm -rf /tmp/tmp.Uwdv7H5uQK
++ mktemp -d
+ MNTPOINT=/tmp/tmp.QhZhOzW1XG
+ mount /dev/disk/by-partlabel/disk-virtualbox-root /tmp/tmp.QhZhOzW1XG -o subvol=/
+ trap 'umount "$MNTPOINT"; rm -rf "$MNTPOINT"' EXIT
+ SUBVOL_ABS_PATH=/tmp/tmp.QhZhOzW1XG//k3s
++ dirname /tmp/tmp.QhZhOzW1XG//k3s
+ mkdir -p /tmp/tmp.QhZhOzW1XG
+ btrfs subvolume show /tmp/tmp.QhZhOzW1XG//k3s
+ btrfs subvolume create /tmp/tmp.QhZhOzW1XG//k3s
Create subvolume '/tmp/tmp.QhZhOzW1XG/k3s'
++ umount /tmp/tmp.QhZhOzW1XG
++ rm -rf /tmp/tmp.QhZhOzW1XG
++ mktemp -d
+ MNTPOINT=/tmp/tmp.BQN6y5v9ed
+ mount /dev/disk/by-partlabel/disk-virtualbox-root /tmp/tmp.BQN6y5v9ed -o subvol=/
+ trap 'umount "$MNTPOINT"; rm -rf "$MNTPOINT"' EXIT
+ SUBVOL_ABS_PATH=/tmp/tmp.BQN6y5v9ed//nix
++ dirname /tmp/tmp.BQN6y5v9ed//nix
+ mkdir -p /tmp/tmp.BQN6y5v9ed
+ btrfs subvolume show /tmp/tmp.BQN6y5v9ed//nix
+ btrfs subvolume create /tmp/tmp.BQN6y5v9ed//nix
Create subvolume '/tmp/tmp.BQN6y5v9ed/nix'
++ umount /tmp/tmp.BQN6y5v9ed
++ rm -rf /tmp/tmp.BQN6y5v9ed
++ mktemp -d
+ MNTPOINT=/tmp/tmp.3YsAZChcVg
+ mount /dev/disk/by-partlabel/disk-virtualbox-root /tmp/tmp.3YsAZChcVg -o subvol=/
+ trap 'umount "$MNTPOINT"; rm -rf "$MNTPOINT"' EXIT
+ SUBVOL_ABS_PATH=/tmp/tmp.3YsAZChcVg//persist
++ dirname /tmp/tmp.3YsAZChcVg//persist
+ mkdir -p /tmp/tmp.3YsAZChcVg
+ btrfs subvolume show /tmp/tmp.3YsAZChcVg//persist
+ btrfs subvolume create /tmp/tmp.3YsAZChcVg//persist
Create subvolume '/tmp/tmp.3YsAZChcVg/persist'
++ umount /tmp/tmp.3YsAZChcVg
++ rm -rf /tmp/tmp.3YsAZChcVg
++ mktemp -d
+ MNTPOINT=/tmp/tmp.tbTpepTYpI
+ mount /dev/disk/by-partlabel/disk-virtualbox-root /tmp/tmp.tbTpepTYpI -o subvol=/
+ trap 'umount "$MNTPOINT"; rm -rf "$MNTPOINT"' EXIT
+ SUBVOL_ABS_PATH=/tmp/tmp.tbTpepTYpI//storage0
++ dirname /tmp/tmp.tbTpepTYpI//storage0
+ mkdir -p /tmp/tmp.tbTpepTYpI
+ btrfs subvolume show /tmp/tmp.tbTpepTYpI//storage0
+ btrfs subvolume create /tmp/tmp.tbTpepTYpI//storage0
Create subvolume '/tmp/tmp.tbTpepTYpI/storage0'
++ umount /tmp/tmp.tbTpepTYpI
++ rm -rf /tmp/tmp.tbTpepTYpI
+ set -efux
+ destroy=1
+ device=/dev/sda
+ imageName=virtualbox
+ imageSize=2G
+ name=virtualbox
+ type=disk
+ device=/dev/sda
+ efiGptPartitionFirst=1
+ type=gpt
+ destroy=1
+ device=/dev/sda
+ imageName=virtualbox
+ imageSize=2G
+ name=virtualbox
+ type=disk
+ device=/dev/sda
+ efiGptPartitionFirst=1
+ type=gpt
+ device=/dev/disk/by-partlabel/disk-virtualbox-ESP
+ extraArgs=('-n' 'BOOT')
+ declare -a extraArgs
+ format=vfat
+ mountOptions=('fmask=0077' 'dmask=0077' 'noatime')
+ declare -a mountOptions
+ mountpoint=/boot
+ type=filesystem
+ findmnt /dev/disk/by-partlabel/disk-virtualbox-ESP /mnt/boot
+ mount /dev/disk/by-partlabel/disk-virtualbox-ESP /mnt/boot -t vfat -o fmask=0077 -o dmask=0077 -o noatime -o X-mount.mkdir
+ destroy=1
+ device=/dev/sda
+ imageName=virtualbox
+ imageSize=2G
+ name=virtualbox
+ type=disk
+ device=/dev/sda
+ efiGptPartitionFirst=1
+ type=gpt
+ device=/dev/disk/by-partlabel/disk-virtualbox-root
+ extraArgs=('-L' 'root')
+ declare -a extraArgs
+ mountOptions=('defaults')
+ declare -a mountOptions
+ mountpoint=
+ type=btrfs
+ findmnt /dev/disk/by-partlabel/disk-virtualbox-root /mnt/home
+ mount /dev/disk/by-partlabel/disk-virtualbox-root /mnt/home -o compress=zstd -o commit=120 -o noatime -o nodiratime -o subvol=/home -o X-mount.mkdir
+ destroy=1
+ device=/dev/sda
+ imageName=virtualbox
+ imageSize=2G
+ name=virtualbox
+ type=disk
+ device=/dev/sda
+ efiGptPartitionFirst=1
+ type=gpt
+ device=/dev/disk/by-partlabel/disk-virtualbox-root
+ extraArgs=('-L' 'root')
+ declare -a extraArgs
+ mountOptions=('defaults')
+ declare -a mountOptions
+ mountpoint=
+ type=btrfs
+ findmnt /dev/disk/by-partlabel/disk-virtualbox-root /mnt/nix
+ mount /dev/disk/by-partlabel/disk-virtualbox-root /mnt/nix -o compress=zstd -o commit=120 -o noatime -o nodiratime -o subvol=/nix -o X-mount.mkdir
+ destroy=1
+ device=/dev/sda
+ imageName=virtualbox
+ imageSize=2G
+ name=virtualbox
+ type=disk
+ device=/dev/sda
+ efiGptPartitionFirst=1
+ type=gpt
+ device=/dev/disk/by-partlabel/disk-virtualbox-root
+ extraArgs=('-L' 'root')
+ declare -a extraArgs
+ mountOptions=('defaults')
+ declare -a mountOptions
+ mountpoint=
+ type=btrfs
+ findmnt /dev/disk/by-partlabel/disk-virtualbox-root /mnt/persist
+ mount /dev/disk/by-partlabel/disk-virtualbox-root /mnt/persist -o compress=zstd -o commit=120 -o noatime -o nodiratime -o subvol=/persist -o X-mount.mkdir
+ destroy=1
+ device=/dev/sda
+ imageName=virtualbox
+ imageSize=2G
+ name=virtualbox
+ type=disk
+ device=/dev/sda
+ efiGptPartitionFirst=1
+ type=gpt
+ device=/dev/disk/by-partlabel/disk-virtualbox-root
+ extraArgs=('-L' 'root')
+ declare -a extraArgs
+ mountOptions=('defaults')
+ declare -a mountOptions
+ mountpoint=
+ type=btrfs
+ findmnt /dev/disk/by-partlabel/disk-virtualbox-root /mnt/var/lib/rancher/k3s
+ mount /dev/disk/by-partlabel/disk-virtualbox-root /mnt/var/lib/rancher/k3s -o compress=zstd -o commit=120 -o noatime -o nodiratime -o subvol=/k3s -o X-mount.mkdir
+ destroy=1
+ device=/dev/sda
+ imageName=virtualbox
+ imageSize=2G
+ name=virtualbox
+ type=disk
+ device=/dev/sda
+ efiGptPartitionFirst=1
+ type=gpt
+ device=/dev/disk/by-partlabel/disk-virtualbox-root
+ extraArgs=('-L' 'root')
+ declare -a extraArgs
+ mountOptions=('defaults')
+ declare -a mountOptions
+ mountpoint=
+ type=btrfs
+ findmnt /dev/disk/by-partlabel/disk-virtualbox-root /mnt/var/lib/storage0
+ mount /dev/disk/by-partlabel/disk-virtualbox-root /mnt/var/lib/storage0 -o noatime -o nodiratime -o subvol=/storage0 -o X-mount.mkdir
+ rm -rf /tmp/tmp.8Cdul5AHaJ
### Uploading the system closure ###
Warning: Permanently added '192.168.63.101' (ED25519) to the list of known hosts.
copying path '/nix/store/f5jks7ak00bycaj9jdwwb8wag15i2ikm-55-nixos-aslr-entropy.conf' from 'https://cache.nixos.org'...
copying path '/nix/store/q782ylkv6gkmmvd46vd2sdclvnbfc42s-X-Restart-Triggers-dhcpcd' from 'https://cache.nixos.org'...
copying path '/nix/store/wg5s3dvr0i7prdnkdr3cf9wr6cmbw8x5-acl-2.4.0-doc' from 'https://cache.nixos.org'...
copying path '/nix/store/f71dcbq77ra7ghf3v0zn2dnb52wl21f1-attr-2.6.0-doc' from 'https://cache.nixos.org'...
copying path '/nix/store/jl7nsrjp8a0hpvzck1j3glxmy4ax0n85-acl-2.4.0-man' from 'https://cache.nixos.org'...
copying path '/nix/store/0ivdry0sgr9nwwcy3mqjj16yzh44ihpn-attr-2.6.0-man' from 'https://cache.nixos.org'...
copying path '/nix/store/qil1pqqby3rg33aifj3vqnkqb0d29dln-alsa-firmware-1.2.4-zstd' from 'https://cache.nixos.org'...
copying path '/nix/store/jaw8yg776c8x6rq0dq4qn6il8gq7qadq-bash-completion-2.17.0' from 'https://cache.nixos.org'...
copying path '/nix/store/8s0h3cly1z8h604mxs2dck4nh3bxplma-bash-interactive-5.3p9-doc' from 'https://cache.nixos.org'...
copying path '/nix/store/g28l15mbdbig59n102zd0ardsfisiw32-binfmt_nixos.conf' from 'https://cache.nixos.org'...
copying path '/nix/store/m75mfh5w7kfxvnyyxwaf7mr0c199hmv8-btrfs-progs-6.19.1-man' from 'https://cache.nixos.org'...
copying path '/nix/store/wibagbn66jv9804bcmkmk4qvz49h1mr5-bash-interactive-5.3p9-info' from 'https://cache.nixos.org'...
copying path '/nix/store/k5r6p8gvf18l9dd9kq1r22ddf7ykfim2-build-vms.nix' from 'https://cache.nixos.org'...
copying path '/nix/store/9gaxb2nwp92amz16s3dpwv6ydvyxv04x-bash-interactive-5.3p9-man' from 'https://cache.nixos.org'...
copying path '/nix/store/csshf3ycx2wsxjaqrva1vr8rwgp382jw-busybox-1.37.0' from 'https://cache.nixos.org'...
copying path '/nix/store/l5ca87vbmi6g6p5ddh1gfs2mhygh5096-bind-9.20.26-man' from 'https://cache.nixos.org'...
copying path '/nix/store/qcy7zykkx2ix5asisgfpchcsf6kgafwm-bzip2-1.0.8-man' from 'https://cache.nixos.org'...
copying path '/nix/store/c1y22r07g4fypxvjs6pwsr0bsg8kbrhv-coreutils-full-9.11-info' from 'https://cache.nixos.org'...
copying path '/nix/store/745rndb9mpgp6z5312l0n73qb7zh0q1x-curl-8.21.0-man' from 'https://cache.nixos.org'...
copying path '/nix/store/y5lxyklc4l8z17syin37yzqza3yy2n65-dbus-1.16.2-doc' from 'https://cache.nixos.org'...
copying path '/nix/store/9dhf3nq4vki7m85g6vjzg9bpvxv4rvv7-dbus-1.16.2-man' from 'https://cache.nixos.org'...
copying path '/nix/store/350wm2b51ayfxrrdaicvxjq9f6p4rfqp-dejavu-fonts-minimal-2.37' from 'https://cache.nixos.org'...
copying path '/nix/store/4i5qv49fbdpdlgna7adhslkd3rzwpjh8-diffutils-3.12-info' from 'https://cache.nixos.org'...
copying path '/nix/store/g5vv20l7ydhw8kaqfzbnbr2qdbmfilpp-dns-root-data-2025-04-14' from 'https://cache.nixos.org'...
copying path '/nix/store/16zf71lpbk4xpg9kg7ahlvldgh5qdj3g-dosfstools-4.2-doc' from 'https://cache.nixos.org'...
copying path '/nix/store/bj0j3d3z8aisa45m4280v136q95nxrmg-dosfstools-4.2-man' from 'https://cache.nixos.org'...
copying path '/nix/store/4d0ix5djms3n2jnjdc58l916cwack1rp-empty-directory' from 'https://cache.nixos.org'...
copying path '/nix/store/3zj1p62zzic3fzgwvy6fadach202yqfa-empty-inhibitors' from 'https://cache.nixos.org'...
copying path '/nix/store/4v11srfzsbx7z3mikyd1jh9s7kh86cgi-etc-bash_logout' from 'https://cache.nixos.org'...
copying path '/nix/store/i2smv1ga1m4rcnf1rq9b5i8mi1qfbimb-etc-dhcpcd.exit-hook' from 'https://cache.nixos.org'...
copying path '/nix/store/lqh0j3z7lx0g2xzaz3gvk06lfyqfv7hw-etc-environment.d-50-systemd-path.conf' from 'https://cache.nixos.org'...
copying path '/nix/store/585fqy23lixxn1gfjv0b2vv0n0vq4kpw-etc-fuse.conf' from 'https://cache.nixos.org'...
copying path '/nix/store/ylmpy7xriyp9lhav85g9k46npqbr307y-etc-gai.conf' from 'https://cache.nixos.org'...
copying path '/nix/store/ryldkvml1043yxhnr6ijn241svzcjr7h-etc-lsb-release' from 'https://cache.nixos.org'...
copying path '/nix/store/6vqgwdpjr87569kzsvgnh0divdrqfkh8-etc-host.conf' from 'https://cache.nixos.org'...
copying path '/nix/store/mbvsmzl2isg7wrizcg3rppvwxnajax24-etc-man_db.conf' from 'https://cache.nixos.org'...
copying path '/nix/store/qh0i8ixraj4k3vksa8bf2cnx9cm17n22-etc-netgroup' from 'https://cache.nixos.org'...
copying path '/nix/store/acivpf9ijpvj066v0mqrrshb4xlfnfkn-etc-modprobe.d-nixos.conf' from 'https://cache.nixos.org'...
copying path '/nix/store/4249kimmkik9wvc0zbp63fdxrv59137l-etc-nscd.conf' from 'https://cache.nixos.org'...
copying path '/nix/store/awsddlghdh8zs66krz4scac7rhqys3b1-etc-nsswitch.conf' from 'https://cache.nixos.org'...
copying path '/nix/store/f031r5ids0d01r59pi2ii3kxy3ym2wwc-etc-resolvconf.conf' from 'https://cache.nixos.org'...
copying path '/nix/store/zfcqvlp2024w6n5zdxscpw6sjjmq7pv4-etc-systemd-oomd.conf' from 'https://cache.nixos.org'...
copying path '/nix/store/4k49yqvvb6ak3d0c0akkkxhff8mn9y8x-etc-systemd-sleep.conf' from 'https://cache.nixos.org'...
copying path '/nix/store/7kdhgds1ap9zi5vqdh5n1mmq2b28a4mj-etc-systemd-resolved.conf' from 'https://cache.nixos.org'...
copying path '/nix/store/72wq0k50j4lii6d9260wdbmas2m69qxa-etc-systemd-timesyncd.conf' from 'https://cache.nixos.org'...
copying path '/nix/store/i1q3sqmybd62sr9nlmm0zj75hrzrcxr8-etc-systemd-coredump.conf' from 'https://cache.nixos.org'...
copying path '/nix/store/ndyp9kdjckca922rykzi8dw4fsfhhkbw-etc-ssh-ssh_known_hosts' from 'https://cache.nixos.org'...
copying path '/nix/store/0cvxl0pg9kj6va8a2xi857iqql4ar6ni-etc-systemd-logind.conf' from 'https://cache.nixos.org'...
copying path '/nix/store/5k0zskn6gg5z1nmj427aidfravjgxna0-etc-systemd-user-preset-00-nixos.preset' from 'https://cache.nixos.org'...
copying path '/nix/store/pvrzwyzkhmlb4rzdjp6fz1pkavymfi31-etc-systemd-system-preset-00-nixos.preset' from 'https://cache.nixos.org'...
copying path '/nix/store/kvyf5b56cdya4bcryxc772yhvlnvgn5y-etc-systemd-journald.conf' from 'https://cache.nixos.org'...
copying path '/nix/store/0j2h2f29xb8p0nzpn9zgffv5f3cwazvw-fail2ban-1.1.0-doc' from 'https://cache.nixos.org'...
copying path '/nix/store/8hv80sml1zzxw4scv2xgxx92q1hxvsdh-fail2ban-1.1.0-man' from 'https://cache.nixos.org'...
copying path '/nix/store/7m246inzkjphm20izqxp6x8zhmqhzsa5-fail2ban.local' from 'https://cache.nixos.org'...
copying path '/nix/store/paigdlvmnlfc8p4l2njyk8ki8799p7ak-fc-10-nixos-rendering.conf' from 'https://cache.nixos.org'...
copying path '/nix/store/qhac23h6b9xl9myrng39r5ya6sr6bmxw-fc-52-nixos-default-fonts.conf' from 'https://cache.nixos.org'...
copying path '/nix/store/gd41k40csg6m8swmz33ypvsip203dg4r-fc-53-nixos-reject-type1.conf' from 'https://cache.nixos.org'...
copying path '/nix/store/6x86ac9pjdlp9yx08xk4xrkjra84f2x3-fc-cache' from 'https://cache.nixos.org'...
copying path '/nix/store/hzpfl5vjzshpwabkxjjq9j9m64zwkpf1-fc-53-no-bitmaps.conf' from 'https://cache.nixos.org'...
copying path '/nix/store/lgxapskcnrwdyhqhaddbxzminyg4rh2g-findutils-4.10.0-info' from 'https://cache.nixos.org'...
copying path '/nix/store/ccrpkb4ml5y6kzc28d30pzfpm6m2yvi0-fontconfig-2.17.1' from 'https://cache.nixos.org'...
copying path '/nix/store/2ha8gdicpkkcj877kzfqmqgv36zy0za6-fuse-2.9.9-man' from 'https://cache.nixos.org'...
copying path '/nix/store/zp6blqmkgj7kgiydqjnx5imdkqgia9l1-gawk-5.4.1-info' from 'https://cache.nixos.org'...
copying path '/nix/store/na08wiwcbhj7r1kllqrvjbc4d5wnsgsi-fuse-3.17.4-man' from 'https://cache.nixos.org'...
copying path '/nix/store/d7mj74d2nk7180brfj4jv7zclm936f3r-gawk-5.4.1-man' from 'https://cache.nixos.org'...
copying path '/nix/store/xr7vm2jpy2d3jl57cai96qp3s47w46gh-X-Reload-Triggers-systemd-resolved' from 'https://cache.nixos.org'...
copying path '/nix/store/wh60sgwgv9r0fmihcb9aswn14x2zynzh-X-Restart-Triggers-systemd-timesyncd' from 'https://cache.nixos.org'...
copying path '/nix/store/k8rbpjlq071djhghgnxm2kcng6h2b035-gcc-15.2.0-libgcc' from 'https://cache.nixos.org'...
copying path '/nix/store/d7b2cmlssfzkihcwnk7w0f56s3mrxhp2-X-Restart-Triggers-systemd-journald' from 'https://cache.nixos.org'...
copying path '/nix/store/glp88anwas9ybfxlgkn461fljg4g14dl-X-Restart-Triggers-systemd-journald-' from 'https://cache.nixos.org'...
copying path '/nix/store/j6db4k0sk3yylzsb4ab1qqry4dqhn4yj-git-2.54.0-doc' from 'https://cache.nixos.org'...
copying path '/nix/store/41b4nygazaawgbags71flx463x4426kf-glibc-locales-2.42-67' from 'https://cache.nixos.org'...
copying path '/nix/store/0vl4nm116sqikp0dmfc4h70a6jh3yinm-gnugrep-3.12-info' from 'https://cache.nixos.org'...
copying path '/nix/store/0zffwpbgk5vqkl6by6jjm6w3dq5m40mq-gnused-4.10-info' from 'https://cache.nixos.org'...
copying path '/nix/store/i6g163aafjy3wjxqcngvldnpwgjqljp3-gnutar-1.35-info' from 'https://cache.nixos.org'...
copying path '/nix/store/9ay2qwc998xld918q32w0fnxq9arpljj-fc-00-nixos-cache.conf' from 'https://cache.nixos.org'...
copying path '/nix/store/bn633cpsdqmafd1vvcaklnrb03ybh967-gzip-1.14-info' from 'https://cache.nixos.org'...
copying path '/nix/store/i49yca49hqyr8kdjzif6h649ywq9vy0y-gzip-1.14-man' from 'https://cache.nixos.org'...
copying path '/nix/store/86lm4hs4jsqli3y9amp86bhfm0g888qn-hicolor-icon-theme-0.18' from 'https://cache.nixos.org'...
copying path '/nix/store/78alwxxdax9a1516a7rfr84i92ik43cl-home-manager-source' from 'https://cache.nixos.org'...
copying path '/nix/store/r2vrhbk5z27ids8k1z8si6g8yz0iwf03-hostname-debian-3.25-man' from 'https://cache.nixos.org'...
copying path '/nix/store/d5jj34synqyn1bc5n362pric9a695a0h-iana-etc-20251215' from 'https://cache.nixos.org'...
copying path '/nix/store/dwv0wf3szv3ipgyyyrf1zxh4iqlckiip-inputrc' from 'https://cache.nixos.org'...
copying path '/nix/store/9hq0przpqbd53cn2mskyj8gc7syp8b67-iptables-1.8.13-man' from 'https://cache.nixos.org'...
copying path '/nix/store/gf1apxb5ca7yksq9yhda7hkp5p5f1mmd-iputils-20250605-man' from 'https://cache.nixos.org'...
copying path '/nix/store/3wdsg6fqglxfam7804syb6pc0c7kjxh9-ipw2200-firmware-3.1-zstd' from 'https://cache.nixos.org'...
copying path '/nix/store/flqjywzsa1gj75g0f45wbhnhfy8gchl3-iscsid.conf' from 'https://cache.nixos.org'...
copying path '/nix/store/97rjxmrszgl6igkflbz6z02dc1ksrx7v-kbd-2.9.0-man' from 'https://cache.nixos.org'...
copying path '/nix/store/hdjzm1if6g9qv71ycbmfimpwvvhvgvlh-kmod-31-man' from 'https://cache.nixos.org'...
copying path '/nix/store/apxnvg52chi7dhg91ildc93g0c3zia72-kmod-blacklist-31+20240202-2ubuntu8' from 'https://cache.nixos.org'...
copying path '/nix/store/h2jsqa65cnf0lpw8vnx5pc9lpajfc2hp-kmod-debian-aliases.conf-30+20230601-2' from 'https://cache.nixos.org'...
copying path '/nix/store/692yciygdkaw67y9xrgnzzm5lpw9dims-less-692-man' from 'https://cache.nixos.org'...
copying path '/nix/store/hawifb28xdhz0h09pxv22mzq68kacsam-lessconfig' from 'https://cache.nixos.org'...
copying path '/nix/store/mhxn5kwnri3z9hdzi3x0980id65p0icn-lib.sh' from 'https://cache.nixos.org'...
copying path '/nix/store/a37jg6ffhyy39ij5dbi5vhw1ypn2c6lr-libcap-2.77-doc' from 'https://cache.nixos.org'...
copying path '/nix/store/1nm0pc53r4ph07s6v9pg5mhmg83nij1z-libcap-2.77-man' from 'https://cache.nixos.org'...
copying path '/nix/store/cdc4wn1q5mhznlfczkdbwh5w3g053y7g-libreelec-dvb-firmware-1.5.0-zstd' from 'https://cache.nixos.org'...
copying path '/nix/store/6d84v2gs9xknjsziciy4c2ggvjhrzpnq-libressl-4.2.1-man' from 'https://cache.nixos.org'...
copying path '/nix/store/fp6wnyklwzdncp0nvhdy9d5fnir0mjq5-libunistring-1.4.2' from 'https://cache.nixos.org'...
copying path '/nix/store/kkydydhkal09gi11xqc05z7c4x2s6p0y-linux-7.2.1' from 'https://cache.nixos.org'...
copying path '/nix/store/bxmk0h83kzzl4l29wywa4x5mwn3bqhnv-linux-7.2.1-modules' from 'https://cache.nixos.org'...
copying path '/nix/store/slk0gkhn1diy8l84qyb8vdmvf9mc264i-linux-firmware-20260810-zstd' from 'https://cache.nixos.org'...
copying path '/nix/store/gpl3v6ijsnwp88m5yvjj78a2mpk8cjbj-linux-headers-static-6.18.7' from 'https://cache.nixos.org'...
copying path '/nix/store/92k4886r653ks2l6vbn0460iagxk9yrk-linux-pam-1.7.2-doc' from 'https://cache.nixos.org'...
copying path '/nix/store/zwiyw3qsscqrnbpjpd3ji7lsyhybnran-linux-pam-1.7.2-man' from 'https://cache.nixos.org'...
copying path '/nix/store/wryqlaa4brf2fd2c54y66a78df120kfl-lm-sensors-3.6.2-man' from 'https://cache.nixos.org'...
copying path '/nix/store/rwshpggwxjiyf4kxxpcaxklf3v6q19n3-local-cmds' from 'https://cache.nixos.org'...
copying path '/nix/store/yhrx58p4kmmjsn4cbs6sq1fi3b5pk16q-locale.conf' from 'https://cache.nixos.org'...
copying path '/nix/store/b2fiwn43pdiqdsxnva4d652044x2fn1k-login.defs' from 'https://cache.nixos.org'...
copying path '/nix/store/xidgjdv05b8yz6w6qrhk4mmjxm4l2zjf-libidn2-2.3.8' from 'https://cache.nixos.org'...
copying path '/nix/store/59a1ia992iasz5hcg9xmj6188sivq45a-logrotate.conf' from 'https://cache.nixos.org'...
copying path '/nix/store/4zi719k7jdkvcs8nx9kzf3nmilmbhn6i-lvm2-2.03.39-man' from 'https://cache.nixos.org'...
copying path '/nix/store/vy3nqnmyz7xwvybdry81nyiqqirjsbyx-fontconfig-conf' from 'https://cache.nixos.org'...
copying path '/nix/store/9mikxas901qn0r2j1baqfv7pdd36n23m-mailcap-2.1.54' from 'https://cache.nixos.org'...
copying path '/nix/store/w4dijcw76ql2ll919zdkpl1raah0n1mk-man-db-2.13.1-doc' from 'https://cache.nixos.org'...
copying path '/nix/store/z95qf5ykzpj1yifimgnl1fd8phdrzxvd-mkpasswd-5.6.6-man' from 'https://cache.nixos.org'...
copying path '/nix/store/jjxrksd3c2axchfv10sp60gfwrmdji50-fontconfig-etc' from 'https://cache.nixos.org'...
copying path '/nix/store/lhp8crggngs6v3qhv89rhgkmp5pz0qjp-mounts.sh' from 'https://cache.nixos.org'...
copying path '/nix/store/2nc9q3lfs50ydjbwkba8qvg8x261y00s-mtools-4.0.49-info' from 'https://cache.nixos.org'...
copying path '/nix/store/bmdlb2yh2cby7ikd7b0q6mgw2ysr2vlm-mtools-4.0.49-man' from 'https://cache.nixos.org'...
copying path '/nix/store/qdv28rq2xlj68lsgrar938dq38v2lh5b-multiuser.nix' from 'https://cache.nixos.org'...
copying path '/nix/store/8pw5kdjzx1nn962lv5bfc7n2a0v0y8gd-nano-9.2-doc' from 'https://cache.nixos.org'...
copying path '/nix/store/c86lsichvvg94hg78sd9c3ymyfl1b3rx-nano-9.2-man' from 'https://cache.nixos.org'...
copying path '/nix/store/2xkiz5q7fpk615dda7480vcqg8qm4p03-nano-9.2-info' from 'https://cache.nixos.org'...
copying path '/nix/store/q5njfd51xpjgs5yi2vha683fk21s7ww8-ncurses-6.6-man' from 'https://cache.nixos.org'...
copying path '/nix/store/742g5xfszqh87pahd8fgfyx4iwfhmyxs-nix-bash-completions-0.6.8' from 'https://cache.nixos.org'...
copying path '/nix/store/dbyjrqc5w49rx9iga82kvmvqmy3rva5z-nix-ld-2.0.6' from 'https://cache.nixos.org'...
copying path '/nix/store/8m7wkhd47b77x4vdrgv4diph13cj2yvz-nix-manual-2.34.8' from 'https://cache.nixos.org'...
copying path '/nix/store/00gx9a93w8niz5fkq37kfb7yd46r1lak-nix-manual-2.34.8-man' from 'https://cache.nixos.org'...
copying path '/nix/store/9gb3lf4r271lhrq2wfxwsv6ys2wcfsnv-nixos-configuration-reference-manpage' from 'https://cache.nixos.org'...
copying path '/nix/store/0x3k2i1gzhh5clwafx9w41gns1l1y59z-nixos-manual-html' from 'https://cache.nixos.org'...
copying path '/nix/store/v29k14rch6ck2rnw9b8xnnvyblyvk758-nixos-manual.desktop' from 'https://cache.nixos.org'...
copying path '/nix/store/gj6hz9mj23v01yvq1nn5f655jrcky1qq-nixos-option.nix' from 'https://cache.nixos.org'...
copying path '/nix/store/0g1ybybr1cfcn6qwnnfpa9i81065mrn6-nixos.conf' from 'https://cache.nixos.org'...
copying path '/nix/store/yq93j2x91bgwdfw7nqm3y06icw2ms4za-nlohmann_json-3.12.0' from 'https://cache.nixos.org'...
copying path '/nix/store/206m56yfhycp91zp3y6ry3ddirqflnxs-nss-cacert-3.126' from 'https://cache.nixos.org'...
copying path '/nix/store/0sg8ybrlj2xw933w2b533qhnq1hafpr8-nss-cacert-3.126-p11kit' from 'https://cache.nixos.org'...
copying path '/nix/store/w6axsjxghin0znv5yhifr2w3g78ayj8j-openssh-10.5p1-man' from 'https://cache.nixos.org'...
copying path '/nix/store/dd7yrzw5wq7g8hqmn0s3iqniynlai0n5-X-Restart-Triggers-systemd-modules-load' from 'https://cache.nixos.org'...
copying path '/nix/store/3z5nb14k0izada9qj2vfc7yvpaq0660b-paths-nixos.conf' from 'https://cache.nixos.org'...
copying path '/nix/store/zlnq81xi6kb4zvid6sdz2n91wzjd3n70-perl-5.42.0-man' from 'https://cache.nixos.org'...
copying path '/nix/store/3z3kh4xaphd7ch6z8v4ba8mby4hbk8r3-perl5.42.0-Digest-HMAC-1.05' from 'https://cache.nixos.org'...
copying path '/nix/store/d36zb1vr3asbap18754r6n17w53fnjy3-perl5.42.0-Encode-Locale-1.05' from 'https://cache.nixos.org'...
copying path '/nix/store/mq49hv45ixrdf439sjjh4dxzi353pakd-perl5.42.0-FCGI-ProcManager-0.28' from 'https://cache.nixos.org'...
copying path '/nix/store/m5pasamn7i4j8i20wmkx04yj9wamr473-perl5.42.0-File-Slurp-9999.32' from 'https://cache.nixos.org'...
copying path '/nix/store/hpfyw95b5jsfy82gmmzc2ykgk6m04jrr-perl5.42.0-HTML-TagCloud-0.38' from 'https://cache.nixos.org'...
copying path '/nix/store/3hsbl2ly5bmh3w7jy8d36mfk18h9qrqc-nix-2.34.8-man' from 'https://cache.nixos.org'...
copying path '/nix/store/63d25xpzv2hbdy2qd7swpis9833j05dr-perl5.42.0-HTML-Tagset-3.20' from 'https://cache.nixos.org'...
copying path '/nix/store/0p5lqx5x6rq5zc7i8p0wzi8f6qxwp3xg-perl5.42.0-IO-HTML-1.004' from 'https://cache.nixos.org'...
copying path '/nix/store/lfvjm9wzsmsyx1kzc7mn3xvmpl6vyz8r-perl5.42.0-IO-Stringy-2.113' from 'https://cache.nixos.org'...
copying path '/nix/store/im6dxqjlbhbp22l0xb85ls7hs926ws2n-perl5.42.0-JSON-4.10' from 'https://cache.nixos.org'...
copying path '/nix/store/wlmdlyi5kmr2xz1g1vfkr6py1sw1zfqs-perl5.42.0-LWP-MediaTypes-6.04' from 'https://cache.nixos.org'...
copying path '/nix/store/dar4ar8k14vf63ljpxh97vzmam2wf8pj-perl5.42.0-Mozilla-CA-20230821' from 'https://cache.nixos.org'...
copying path '/nix/store/9s60b4i5rpxfpsj4kvvrqh2sjid3wjwd-perl5.42.0-Test-Needs-0.002010' from 'https://cache.nixos.org'...
copying path '/nix/store/v13pc8z31rz00l93yfprg92bvzjarxis-perl5.42.0-Test-RequiresInternet-0.05' from 'https://cache.nixos.org'...
copying path '/nix/store/y96fyxjlif2yy612mf3gd42rjfh4l5jp-perl5.42.0-TimeDate-2.33' from 'https://cache.nixos.org'...
copying path '/nix/store/a9k3m5n456klvh23lrj3q8yr547zm9zb-perl5.42.0-URI-5.21' from 'https://cache.nixos.org'...
copying path '/nix/store/jcn9f1bsjv1hbbbh3jq08wn200db40ni-perl5.42.0-Try-Tiny-0.31' from 'https://cache.nixos.org'...
copying path '/nix/store/szjv0yn8lsbsa1wlwljjyhga3w3yn0w0-perl5.42.0-libnet-3.15' from 'https://cache.nixos.org'...
copying path '/nix/store/0iw4ylbd77kbspvaz7dcacy2wxfa0a16-perl5.42.0-Config-IniFiles-3.000003' from 'https://cache.nixos.org'...
copying path '/nix/store/zifx9q7kjslmajccpv3hwrw2v9n27kdd-publicsuffix-list-0-unstable-2026-05-13' from 'https://cache.nixos.org'...
copying path '/nix/store/30qhz45nwgfyns13ijq0nwrsjp8m7ypa-relaxedsandbox.nix' from 'https://cache.nixos.org'...
copying path '/nix/store/cx2g1zxix5561agdy8yxnz09rxh6vb2s-rt5677-firmware-4.16-10-zstd' from 'https://cache.nixos.org'...
copying path '/nix/store/fnh4jyygw5ddkviwrxv4vqm0apk4gf5c-perl5.42.0-HTTP-Date-6.06' from 'https://cache.nixos.org'...
copying path '/nix/store/5fl6xqd8b4jx3d17d9cl9cvingi98v86-rtl8192su-firmware-0-unstable-2016-10-05-zstd' from 'https://cache.nixos.org'...
copying path '/nix/store/s8gs7nz5dc2qam4janlv977579fw8s3k-perl5.42.0-Test-Fatal-0.017' from 'https://cache.nixos.org'...
copying path '/nix/store/hd8k3sxkvqmc3cda7iqz1wvz6djmg1d2-rtl8761b-firmware-rtk1395-zstd' from 'https://cache.nixos.org'...
copying path '/nix/store/6602zq9jmd3r4772ajw866nkzn6gk1j0-sandbox.nix' from 'https://cache.nixos.org'...
copying path '/nix/store/rg5rf512szdxmnj9qal3wfdnpfsx38qi-setup-etc.pl' from 'https://cache.nixos.org'...
copying path '/nix/store/mv7js9abwl9b9z0rdpck8j5dcxanik1m-perl5.42.0-Net-HTTP-6.23' from 'https://cache.nixos.org'...
copying path '/nix/store/flsbq93l62k6f57y820i5gvksa216qcx-perl5.42.0-WWW-RobotRules-6.02' from 'https://cache.nixos.org'...
copying path '/nix/store/01s1nxfkmy04kyn0x5sjgbdp5malwvw8-shadow-4.19.4-man' from 'https://cache.nixos.org'...
copying path '/nix/store/76jgywp0n2wwjjqfs2m9nmzmfcmacnxx-perl5.42.0-File-Listing-6.16' from 'https://cache.nixos.org'...
copying path '/nix/store/311n32nxyzwdrysglz252c9r5zl0ash6-perl5.42.0-HTTP-CookieJar-0.014' from 'https://cache.nixos.org'...
copying path '/nix/store/rv4v6wq9nrk9fq5advhdm29z9991wmlg-sof-firmware-2025.12.2-zstd' from 'https://cache.nixos.org'...
copying path '/nix/store/kybpnrnk5c16hi8s0ac5fjqljfldrj2y-sound-theme-freedesktop-0.8' from 'https://cache.nixos.org'...
copying path '/nix/store/p2zzpis4b9gr029pffclrgc4b696h4rc-source' from 'https://cache.nixos.org'...
copying path '/nix/store/rffkhcdxixpzhvshn5iv9sklywh93yha-ssh-root-provision.conf' from 'https://cache.nixos.org'...
copying path '/nix/store/3s8q7nymprzywiiwqp1q9cg3ppzrv9gs-strace-7.2-man' from 'https://cache.nixos.org'...
copying path '/nix/store/nwfpj069lh96b4qa1zi3x9l5f7lp9mss-sudo-1.9.17p2-man' from 'https://cache.nixos.org'...
copying path '/nix/store/fabihd77l5bcr7b84njjn7fnbfh1vlxl-sudoers' from 'https://cache.nixos.org'...
copying path '/nix/store/y2lkr8kdhqj39xxmvaffc87dywprggkc-nix-2.34.8-doc' from 'https://cache.nixos.org'...
copying path '/nix/store/71yzkzzgsm4v8ngpwya1cm00y6mhi4r6-switch-inhibitors' from 'https://cache.nixos.org'...
copying path '/nix/store/c9x2c80rg7fp90x2jgs2dsyg3bdi56k5-systemd-260.2-man' from 'https://cache.nixos.org'...
copying path '/nix/store/n1spp8lk0zzhpf5gsa58skm3wyz69xq0-time-1.10-info' from 'https://cache.nixos.org'...
copying path '/nix/store/m2sv1rizzbnsb35hv3ii0dnf3rvfy3n3-tzdata-2026c' from 'https://cache.nixos.org'...
copying path '/nix/store/8x0msnc5db0i4gsrmbilv1idgkyzz834-unit--.slice' from 'https://cache.nixos.org'...
copying path '/nix/store/plylhh9h24gihpqjm8xy3n92rw7nfrk1-unit-dbus.socket' from 'https://cache.nixos.org'...
copying path '/nix/store/q0m19s73s1n9p7jlra7vw571c72j8is5-unit-fs.target' from 'https://cache.nixos.org'...
copying path '/nix/store/3aijia22mlcrb3g4crhp8xg2w512n5ry-unit-fstrim.timer' from 'https://cache.nixos.org'...
copying path '/nix/store/m02lw56vmpx2rszxhd4mq15q9792nxfb-unit-getty.target' from 'https://cache.nixos.org'...
copying path '/nix/store/qzhbg5jkhb91hnzwn785ny8grfjar3lv-unit-iscsid.socket' from 'https://cache.nixos.org'...
copying path '/nix/store/nxxl46sm8pb4rzhf5s8vay47nf10kwx8-unit-keys.target' from 'https://cache.nixos.org'...
copying path '/nix/store/60gj494fjqarv1drgbrnnzy7ai2lb135-unit-local-fs.target' from 'https://cache.nixos.org'...
copying path '/nix/store/9jw4rc0745hrwcb12jph7j525kfbf92j-unit-logrotate.timer' from 'https://cache.nixos.org'...
copying path '/nix/store/khknbkyfmm4bxx514lmas9kwaq85y67w-unit-multi-user.target' from 'https://cache.nixos.org'...
copying path '/nix/store/1rasq4fzclg4ckd9zb45wlmm31smcwjy-unit-network-local-commands.service-disabled' from 'https://cache.nixos.org'...
copying path '/nix/store/y54cwb24357sq4nr2vk28lazgcga8xav-unit-network.target' from 'https://cache.nixos.org'...
copying path '/nix/store/krhdbmi0fzbpdffc974a74b1zn1dmrrh-unit-networking-scripted.target' from 'https://cache.nixos.org'...
copying path '/nix/store/wbdzv9643z2nca5ilnzswzkklzg8bcp0-unit-nixos-fake-graphical-session.target' from 'https://cache.nixos.org'...
copying path '/nix/store/3yg7dkp8k75c5xh9ivi7fns2j7d2y42b-unit-remote-fs.target' from 'https://cache.nixos.org'...
copying path '/nix/store/qccnwcpmgx5icj1szwih5wffd28qvpqq-unit-run-initramfs.mount' from 'https://cache.nixos.org'...
copying path '/nix/store/yqmnkrw1kn1v0v69113b41smmax2jzwg-unit-run-wrappers.mount' from 'https://cache.nixos.org'...
copying path '/nix/store/v29lmqnbaw2md9pbs233gajn257rigw8-unit-sysinit-reactivation.target' from 'https://cache.nixos.org'...
copying path '/nix/store/37wz5qg1vhz3w8n8kwpsw17bbsizmxhf-unit-system.slice' from 'https://cache.nixos.org'...
copying path '/nix/store/5iphbmlxmlbn08pdw1540p97flxipz5y-unit-systemd-journald-audit.socket' from 'https://cache.nixos.org'...
copying path '/nix/store/711ms178raiy817p9sxs8yjjkrxvgn38-unit-systemd-tmpfiles-clean.timer' from 'https://cache.nixos.org'...
copying path '/nix/store/mvklkmjz08d3rnggcd9pi85mjskrfn3y-unit-user.slice' from 'https://cache.nixos.org'...
copying path '/nix/store/dyx8qsmgnsz2csfzwn723gbd2jvp0j7g-update-users-groups.pl' from 'https://cache.nixos.org'...
copying path '/nix/store/qp62d4g2d6mk5l9dmc802g5dk5qljazx-useradd' from 'https://cache.nixos.org'...
copying path '/nix/store/aijb8mbsy8vsdnwkgmx1sv84x4x9pk4i-util-linux-2.42.2-man' from 'https://cache.nixos.org'...
copying path '/nix/store/1m9xxhln778wv1yj43rqj9n7k338s30n-vconsole.conf' from 'https://cache.nixos.org'...
copying path '/nix/store/wi1fy89rrph774q1nkqklnc6spzyq0xz-vulnix-1.12.4-man' from 'https://cache.nixos.org'...
copying path '/nix/store/1rv7mlpjczmi029naj1kqiyf5arimphb-wget-1.25.0-man' from 'https://cache.nixos.org'...
copying path '/nix/store/xzp9smmjljk2a0kk5m4igwflgyxjc9hr-which-2.23-info' from 'https://cache.nixos.org'...
copying path '/nix/store/y4105ipgyc283cq2hx0xknddrfjvfrmn-which-2.23-man' from 'https://cache.nixos.org'...
copying path '/nix/store/8s2n9jm83p2kvzh5ciip1ql64vk2yv2i-wireless-regdb-2026.05.30-zstd' from 'https://cache.nixos.org'...
copying path '/nix/store/rdw0n35z6xhipyiq6sc8qv0mg7vrldaj-xgcc-15.2.0-libgcc' from 'https://cache.nixos.org'...
copying path '/nix/store/ypdk7h8lfagz3lwbxn454lp0wvn0f0wx-xz-5.8.3-doc' from 'https://cache.nixos.org'...
copying path '/nix/store/2j6apy7g6f6f4vm69343zd65vwn36kws-xz-5.8.3-man' from 'https://cache.nixos.org'...
copying path '/nix/store/0byms1h3mj3rw35ihgr3bc0xq4qyngr5-zd1211-firmware-1.5-zstd' from 'https://cache.nixos.org'...
copying path '/nix/store/1klmviw9ywkglf3mfw8vvcg5jy26049i-zlib-1.3.2-static' from 'https://cache.nixos.org'...
copying path '/nix/store/z8mrhj5yw1imzk2k4dpinl43yqmvnwsn-zstd-1.5.7-man' from 'https://cache.nixos.org'...
copying path '/nix/store/m07h00fl6538s4gavrp66a20ka4hg7fy-glibc-2.42-67' from 'https://cache.nixos.org'...
copying path '/nix/store/8jm8cn78ih96d1jlbn7mz86px3c85nwv-kubectl-1.36.3' from 'https://cache.nixos.org'...
copying path '/nix/store/3wdmv66y09ppzj3p4q7zqc86q15z2zpv-age-1.3.1' from 'https://cache.nixos.org'...
copying path '/nix/store/rzl7zd3zx56vl7m55x1l49sr4xx2bb7y-bash-5.3p9' from 'https://cache.nixos.org'...
copying path '/nix/store/spyq8j3kdj6dlbhv5nbnr7a15nficin9-acl-2.4.0' from 'https://cache.nixos.org'...
copying path '/nix/store/5055c2cpww9vrjz27yvhssagf1hd5ah6-attr-2.6.0' from 'https://cache.nixos.org'...
copying path '/nix/store/cjp9j188a8p8lw8a8dcqmvlr2478wmfs-aws-c-common-0.12.4' from 'https://cache.nixos.org'...
copying path '/nix/store/alffmd3v47nm00x625pwa5viq4z8kbx6-brotli-1.2.0-lib' from 'https://cache.nixos.org'...
copying path '/nix/store/lczq4f5z4yf2h8v0i2w4jcy4bi43qfbs-bzip2-1.0.8' from 'https://cache.nixos.org'...
copying path '/nix/store/43x8d3pql73hz92lbqwcqlca5avh49aj-c-rbtree-3.2.0' from 'https://cache.nixos.org'...
copying path '/nix/store/55kzlvza2121dns9ylp9xnnyns7vmn6n-c-utf8-1.1.0' from 'https://cache.nixos.org'...
copying path '/nix/store/ih7b4rcp1kcha3isvr59pk142cvvymzj-c-shquote-1.1.0' from 'https://cache.nixos.org'...
copying path '/nix/store/swqg1s4bf9hgd81vkyzv01s606d4wp3f-bridge-utils-1.7.1' from 'https://cache.nixos.org'...
copying path '/nix/store/sbflyyw5x1vplljcq58v0wmvr17hjbhc-cpio-2.15' from 'https://cache.nixos.org'...
copying path '/nix/store/wkdhd69xwlp5qndajkfl7b8xs0yab0v3-dosfstools-4.2' from 'https://cache.nixos.org'...
copying path '/nix/store/dr39hxzm5k6xcsdg3i9c4mwpw6an4izk-ed-1.22.5' from 'https://cache.nixos.org'...
copying path '/nix/store/q3qzi4hjp44k5ikk9i4nc7ib2y2z6q50-editline-1.17.1-unstable-2025-05-24' from 'https://cache.nixos.org'...
copying path '/nix/store/7mx2y4jcvcninami5vic5hz703ylrhnp-bzip2-1.0.8-bin' from 'https://cache.nixos.org'...
copying path '/nix/store/sf7ajqd0sd476nya3z77mwcj9aclba6l-c-ini-1.1.0' from 'https://cache.nixos.org'...
copying path '/nix/store/ra0v8izly38qdwdm83ba75s27znigw75-acl-2.4.0-bin' from 'https://cache.nixos.org'...
copying path '/nix/store/bsfhj5kxm025lb8iwg6ql542h79fyvsw-attr-2.6.0-bin' from 'https://cache.nixos.org'...
copying path '/nix/store/x06hz419w6lkhh8qxaa353zw1h47snfx-expat-2.8.3' from 'https://cache.nixos.org'...
copying path '/nix/store/ga9zfcn9i5p3qnsnjyilglhz49c6brmc-aws-c-compression-0.3.1' from 'https://cache.nixos.org'...
copying path '/nix/store/99jnamfydw5iwmmnh3w9jn8ksypal4si-aws-c-sdkutils-0.2.4' from 'https://cache.nixos.org'...
copying path '/nix/store/gcgbbl2lp2kbhakn56043638lk9dbf88-aws-checksums-0.2.7' from 'https://cache.nixos.org'...
copying path '/nix/store/4n83ddizbbiz0znj439x4nflvx7lqscw-copy-extra-files' from 'https://cache.nixos.org'...
copying path '/nix/store/rfqcsqnbz9zzjsfvn9g825y5ji204qy6-firewall-stop' from 'https://cache.nixos.org'...
copying path '/nix/store/m0dasnqjjbqan183j0mkyvws002z3xf3-fstrm-0.6.1' from 'https://cache.nixos.org'...
copying path '/nix/store/ashg5i5fdncm4dj7kdlhfd24j6ikgljj-acl-2.4.0-dev' from 'https://cache.nixos.org'...
copying path '/nix/store/m7wg7cj2vw3n6a0pcl3fzbqfm0qsawmd-gawk-5.4.1' from 'https://cache.nixos.org'...
copying path '/nix/store/qc0mbmc4mj0rxlpyqdchsnswcqr7sa13-c-dvar-1.2.0' from 'https://cache.nixos.org'...
copying path '/nix/store/v6qb2qindlrgsxr3wrawk825mp3aw1ha-attr-2.6.0-dev' from 'https://cache.nixos.org'...
copying path '/nix/store/z0n70pxyzi87why1bcq81zgd7b924nfj-gcc-15.2.0-lib' from 'https://cache.nixos.org'...
copying path '/nix/store/7jdvx1gj6a7sy34iz68jblp6is6h980b-gdbm-1.26-lib' from 'https://cache.nixos.org'...
copying path '/nix/store/lzi4zg1ngjwqfjs0wyjf6bwrcl814mxb-glibc-2.42-67-bin' from 'https://cache.nixos.org'...
copying path '/nix/store/25i3qh4phk2cay337nr9ssxl1p263rhc-glibc-2.42-67-getent' from 'https://cache.nixos.org'...
copying path '/nix/store/svl89366pvzz5s3myh1fjniz9l0x17fh-gnused-4.10' from 'https://cache.nixos.org'...
copying path '/nix/store/l4qnlbca31jvyh0sdg5qqbqkh48z1q19-gnutar-1.35' from 'https://cache.nixos.org'...
copying path '/nix/store/2722ncq58c1amdv6g6nv5d1wvab30p0r-gzip-1.14' from 'https://cache.nixos.org'...
copying path '/nix/store/pc05icyfwqmscj1jjjz4krp4y1zfqmmb-hostname-debian-3.25' from 'https://cache.nixos.org'...
copying path '/nix/store/2kwxjwafmnvw5z94m27hn7qynwdrsyrp-jansson-2.15.0' from 'https://cache.nixos.org'...
copying path '/nix/store/07691h50630my15fdg1syr9f2ip7y0ca-hwloc-2.13.0-lib' from 'https://cache.nixos.org'...
copying path '/nix/store/6rmlfwsnc8320am0wndc12rhqqm3llzr-json-c-0.18' from 'https://cache.nixos.org'...
copying path '/nix/store/8y0i342g841cci9q2dyl3gz12jh2y4r5-k3s-cni-plugins-1.9.1-k3s1' from 'https://cache.nixos.org'...
copying path '/nix/store/81220alzad19dzxxpx3w8wb8ica0cmm1-getent-glibc-2.42-67' from 'https://cache.nixos.org'...
copying path '/nix/store/r62vl5dh9ic278mrppx3phc0pnw8x632-k3s-containerd-2.3.2-k3s2' from 'https://cache.nixos.org'...
copying path '/nix/store/60c7245nz0q8qdv9dl9d4nnppxs0lncs-hostname-hostname-debian-3.25' from 'https://cache.nixos.org'...
copying path '/nix/store/mi2ss97r4fcl9qh8kmz8zs19kh4gvqc7-k9s-0.50.18' from 'https://cache.nixos.org'...
copying path '/nix/store/hlki0nb8yfbvb67bam4sqns33h0mw02y-keyutils-1.6.3-lib' from 'https://cache.nixos.org'...
copying path '/nix/store/3q9jg19dgjz980wcz03kwsv5ffhfdmmh-libaio-0.3.113' from 'https://cache.nixos.org'...
copying path '/nix/store/3syvw6qrdv5bpnqkjirvjp1idnfb8b7r-libapparmor-4.1.7' from 'https://cache.nixos.org'...
copying path '/nix/store/0q9vgj48awrcm6l14fccdbjjqsbmh921-libcap-ng-0.9.3' from 'https://cache.nixos.org'...
copying path '/nix/store/kfp7inqfq9s0q012j35vagqvqpmgxs5z-libcap-2.77-lib' from 'https://cache.nixos.org'...
copying path '/nix/store/4xyis60wzqx4ib55rwh9x3997p2s8ngx-libcbor-0.13.0' from 'https://cache.nixos.org'...
copying path '/nix/store/pcy0rcpy1dhlvd5h6dkhcv0a85fzs1db-libcpuid-0.8.1' from 'https://cache.nixos.org'...
copying path '/nix/store/spghpxf37g1lnkmlrx7kj7k8i9hazvkl-libevent-2.1.13' from 'https://cache.nixos.org'...
copying path '/nix/store/br4ikmi388vrj4bf8kd9nb3k2kiqprc0-libffi-3.8.0' from 'https://cache.nixos.org'...
copying path '/nix/store/r342d1ndm1sb442i436kzp9pvj7sp5y8-libgpg-error-1.59' from 'https://cache.nixos.org'...
copying path '/nix/store/bynz5jwnhmp8bpv2l0jj3iar96ala6xm-libice-1.1.2' from 'https://cache.nixos.org'...
copying path '/nix/store/4qhmizki1n0i0rp64203wnqff73anv8l-audit-4.2.1-lib' from 'https://cache.nixos.org'...
copying path '/nix/store/nf5qgqsbj38jrsd6f9l0yqic0v363l2i-iputils-20250605' from 'https://cache.nixos.org'...
copying path '/nix/store/rw7kxdggjwf65ryli7pm5n7mn8vj606i-libcap-2.77' from 'https://cache.nixos.org'...
copying path '/nix/store/g4v56b4x1cx5rdhgaim1aykld24f9w5g-libmd-1.1.0' from 'https://cache.nixos.org'...
copying path '/nix/store/rkn51sh16fqm5n7l2p673z6a9pdyysb4-libmnl-1.0.5' from 'https://cache.nixos.org'...
copying path '/nix/store/i5y637pjww0i2wvgz4m2i47kxzw2zw9z-libnfnetlink-1.0.2' from 'https://cache.nixos.org'...
copying path '/nix/store/xl21src2j76asq1wnj2wxp7yabcn8rzn-libnl-3.12.0' from 'https://cache.nixos.org'...
copying path '/nix/store/0mnz7cjrihdvkhl96y8l3niaqzgidfj8-libassuan-3.0.2' from 'https://cache.nixos.org'...
copying path '/nix/store/vwwzgbrpk2cddxbhmj3b2569cnf5yilc-libgcrypt-1.12.2-lib' from 'https://cache.nixos.org'...
copying path '/nix/store/j09ccr10pg3a2pnkhhfvlzhdl4agirdl-boehm-gc-8.2.12' from 'https://cache.nixos.org'...
copying path '/nix/store/xa2vziacbhijgphb7w8a1dlfqyx32ccc-boehm-gc-8.2.12' from 'https://cache.nixos.org'...
copying path '/nix/store/qjlv4gcy4nm6n1njnlwj11l24cp651yi-bootspec-2.0.0' from 'https://cache.nixos.org'...
copying path '/nix/store/mgzzwkjcrbvqbi9w7mi4abal8fsh8b1c-db-4.8.30' from 'https://cache.nixos.org'...
copying path '/nix/store/3315ljnwvy37hn64b3ixs9w699fpnvx1-db-5.3.28' from 'https://cache.nixos.org'...
copying path '/nix/store/0fb5k10pnabf02c2ryf5nz18bs0znpdy-deadnix-1.3.2' from 'https://cache.nixos.org'...
copying path '/nix/store/58kvqi2pwk18i1nfl4p67swrn1v0ps48-ethtool-7.0' from 'https://cache.nixos.org'...
copying path '/nix/store/db8cwzsgxv3lijvf18kqvjjbylm5hrpi-gettext-1.0' from 'https://cache.nixos.org'...
copying path '/nix/store/hklrz7z21r8np2454qdf50iw4jxwshjw-boehm-gc-8.2.12-dev' from 'https://cache.nixos.org'...
copying path '/nix/store/00xp873b65inf04i1v9b46zkdqwszlp4-gmp-with-cxx-6.3.0' from 'https://cache.nixos.org'...
copying path '/nix/store/pp5x67y8iy6wj09xndk4grjgjdizbw24-gmp-with-cxx-6.3.0' from 'https://cache.nixos.org'...
copying path '/nix/store/c6rl57qqmx2sk112kdgpk26ghm77s0li-groff-1.24.1' from 'https://cache.nixos.org'...
copying path '/nix/store/qnphs4p3xbzfkyk441wprkxj1qaq72h1-icu4c-76.1' from 'https://cache.nixos.org'...
copying path '/nix/store/nj251z8nkk1k5zln8hdq8vdfsfp9wkcs-ipset-7.24' from 'https://cache.nixos.org'...
copying path '/nix/store/afg60mbi0nsbnzkhnmj48wp1yph1kqkr-jemalloc-5.3.1' from 'https://cache.nixos.org'...
copying path '/nix/store/r74c1k3sqjjw1g8qg0p2rcjai8xdyqjh-libbsd-0.12.2' from 'https://cache.nixos.org'...
copying path '/nix/store/pc86qwy0n6sndqli1sa3gcf2bbblz0ds-libksba-1.6.7' from 'https://cache.nixos.org'...
copying path '/nix/store/3f8nzay5yg1h2464qsi8p2ndayjsvw7f-libnetfilter_conntrack-1.1.1' from 'https://cache.nixos.org'...
copying path '/nix/store/gph17gb73p6qbrqqjnypfjj5npf0ldyx-coreutils-9.11' from 'https://cache.nixos.org'...
copying path '/nix/store/yg032zil0mgi6qb4pz9imp457swsbd91-libnetfilter_cthelper-1.0.1' from 'https://cache.nixos.org'...
copying path '/nix/store/507qbgyhf4kzk970szf8cxhqqfvzxzzy-libnetfilter_cttimeout-1.0.1' from 'https://cache.nixos.org'...
copying path '/nix/store/3b44xpdnqj7cnd962irwvx226lxyzfsl-libnetfilter_queue-1.0.5' from 'https://cache.nixos.org'...
copying path '/nix/store/xvcgw08a1xw05nh6z7w9mnl5kqny8vdr-libnftnl-1.3.1' from 'https://cache.nixos.org'...
copying path '/nix/store/4firyzbfhcwadc9g9cndkd2yvvspgns7-libpcap-1.10.6-lib' from 'https://cache.nixos.org'...
copying path '/nix/store/2cbskn9r1axidvsdwy2g4l513x5xqlch-iptables-1.8.13-lib' from 'https://cache.nixos.org'...
copying path '/nix/store/clsi02sfsri847hbnacm82bfyiqyzvad-libpipeline-1.5.8' from 'https://cache.nixos.org'...
copying path '/nix/store/kp7qcdqfxcn1wg2fzszf0x3ra89n4akx-libpsl-0.21.5' from 'https://cache.nixos.org'...
copying path '/nix/store/yxz0y4z1ba6s3g0lwjpry4z0ykiia4s3-libressl-4.2.1' from 'https://cache.nixos.org'...
copying path '/nix/store/31qzjx1vrkwcrl4zlhiarn2y9ynpyxr5-libseccomp-2.6.1-lib' from 'https://cache.nixos.org'...
copying path '/nix/store/vs6w5krsc2n319mxm3fd6bmy3fzv6rvc-libsodium-1.0.22-unstable-2026-04-09' from 'https://cache.nixos.org'...
copying path '/nix/store/2ilkb5g4armlzzp19kzr2g553mgvrg7f-libtasn1-4.21.0' from 'https://cache.nixos.org'...
copying path '/nix/store/4m2avzpp36cjmj52vy11mqr5icdxnfgk-libtool-2.5.4-lib' from 'https://cache.nixos.org'...
copying path '/nix/store/3ahjdn6k3ila0pb8g9af9y5h5skq63sc-liburcu-0.15.6' from 'https://cache.nixos.org'...
copying path '/nix/store/b5sk57mhn6kr5cg98nvv9j7nyhwgj2gf-libuv-1.52.1' from 'https://cache.nixos.org'...
copying path '/nix/store/9gjcj4ndp2akrqx108qwb56jzc7y7zrk-diffutils-3.12' from 'https://cache.nixos.org'...
copying path '/nix/store/rlby3yy573nwfmi15ywfg6vfw08a3ji8-etc-bashrc' from 'https://cache.nixos.org'...
copying path '/nix/store/jwq26byp7q4mxqg3yqqq4vgsabs7yknm-findutils-4.10.0' from 'https://cache.nixos.org'...
copying path '/nix/store/vwv6spv3cpvdmgidbd3b1mqz0iz9swg7-libxau-1.0.12' from 'https://cache.nixos.org'...
copying path '/nix/store/k5j2kwjcap1zgdh4xn1fvvlsrzy55g1i-libxcrypt-4.5.2' from 'https://cache.nixos.org'...
copying path '/nix/store/vwnl2xl3p9a6d63arz5zh5ija2li6kv7-libxdmcp-1.1.5' from 'https://cache.nixos.org'...
copying path '/nix/store/pi4h22d7id0z6hjjf7jg6djbbhszb379-libxml2-2.15.3' from 'https://cache.nixos.org'...
copying path '/nix/store/3k33w814z40z6nlxq0wxsm2fani7ijpb-libyaml-0.2.5' from 'https://cache.nixos.org'...
copying path '/nix/store/1b33vj4q35nqkswznwkhnhzwk5sy6q5h-llhttp-9.4.3' from 'https://cache.nixos.org'...
copying path '/nix/store/ag3gdsr2wfslx4xvljjnn4z00i73kam5-lm-sensors-3.6.2' from 'https://cache.nixos.org'...
copying path '/nix/store/4ipi0c4rk72mg5kjlarhaib2d2icx2zm-libressl-4.2.1-nc' from 'https://cache.nixos.org'...
copying path '/nix/store/1y3r9lplj9xkh98figa0hs8lgpxhanvy-lowdown-3.0.1-lib' from 'https://cache.nixos.org'...
copying path '/nix/store/0c9jfzpjfh1d5ibzvwprn8qpb6z6sl61-lz4-1.10.0-lib' from 'https://cache.nixos.org'...
copying path '/nix/store/jahrnaavmzzan3d6qak9bhcpl8mlfbhp-lzo-2.10' from 'https://cache.nixos.org'...
copying path '/nix/store/ildapswa9xmvzh6fhp7wcxjklg2sbzw6-libxcb-1.17.0' from 'https://cache.nixos.org'...
copying path '/nix/store/mvs4wj7s5bnmkkw0inbl27d297kh1sbf-make-initrd-ng-0.1.0' from 'https://cache.nixos.org'...
copying path '/nix/store/c7val77fvr19z32q84rd5lihj6r0lpb0-migrate-dhcpcd' from 'https://cache.nixos.org'...
copying path '/nix/store/pa58lnaxbmq003l9y7423kknkss0c5qi-mkpasswd-5.6.6' from 'https://cache.nixos.org'...
copying path '/nix/store/c0svc5a4vmj5bf1k23xgzlgxf3nk7wfa-mpdecimal-4.0.1' from 'https://cache.nixos.org'...
copying path '/nix/store/pbalf82c77jl8y01s8js1dvxxl7ks4i0-mtools-4.0.49' from 'https://cache.nixos.org'...
copying path '/nix/store/49ma9vimj6wlsbrhqsra6g6fzvsj6shh-ncurses-6.6' from 'https://cache.nixos.org'...
copying path '/nix/store/9v95cv7bjjv4admfqxrvcxlvjk3k638k-nettle-3.10.2' from 'https://cache.nixos.org'...
copying path '/nix/store/p314bwbyiw87wssqwvxl9y4c3cmmxklj-nghttp2-1.69.0-lib' from 'https://cache.nixos.org'...
copying path '/nix/store/xharm39n4viqb8d6lbmwynlnx2ih8zr2-nghttp3-1.15.0' from 'https://cache.nixos.org'...
copying path '/nix/store/ryv0ps4x17421yyr81j625dpks9i7iz1-nixf-2.9.1' from 'https://cache.nixos.org'...
copying path '/nix/store/cadw2div7carnp00khv1xd9m2f14gh2b-nixos-build-vms' from 'https://cache.nixos.org'...
copying path '/nix/store/612ghk5z4jw3qpy9pv1zmdrw9fxq6kw9-nixos-init-0.1.0' from 'https://cache.nixos.org'...
copying path '/nix/store/xdh25az91yryabb62yajs4whg7p1wrbf-npth-1.8' from 'https://cache.nixos.org'...
copying path '/nix/store/rlfaph3vqlyb06fshnvbjh7qwggd6b9g-nsncd-1.5.2' from 'https://cache.nixos.org'...
copying path '/nix/store/4sjg21zq04394ci22lj67vgpw7ykw9bg-numactl-2.0.18' from 'https://cache.nixos.org'...
copying path '/nix/store/vvs4k6c58b8hq66346hrpks726qns0ig-onetbb-2022.3.0' from 'https://cache.nixos.org'...
copying path '/nix/store/5kz6vjgp8wf8c0qyczgbv980kaj93wb0-oniguruma-6.9.10-lib' from 'https://cache.nixos.org'...
copying path '/nix/store/14cfdqp8w2iw188vhjfaz2wg8pzbghp3-openssl-3.6.3' from 'https://cache.nixos.org'...
copying path '/nix/store/4l0jkaf7zavzdyjbqzi39cyk1j9ds8g2-p11-kit-0.26.2' from 'https://cache.nixos.org'...
copying path '/nix/store/6w1adb545ayza5syyj4d6xscgn66jcws-patch-2.8' from 'https://cache.nixos.org'...
copying path '/nix/store/j5m1y5k6qp5iwb23j5k6w2y8ffv9lxvl-pcre2-10.46' from 'https://cache.nixos.org'...
copying path '/nix/store/07j8s1c7qnlkdi1dk2zvjh3wp65ykb3d-pcsclite-2.4.1-lib' from 'https://cache.nixos.org'...
copying path '/nix/store/jqhi0ij0kps9qlmhbfvv4p79vrzqgxa5-perl5.42.0-Clone-0.46' from 'https://cache.nixos.org'...
copying path '/nix/store/aac94sz1984p0imq0vkggcfwxb0zg90s-perl5.42.0-Crypt-URandom-0.55' from 'https://cache.nixos.org'...
copying path '/nix/store/hzkfj1z4i649j4lvijwzq53m92bq0xnc-libx11-1.8.13' from 'https://cache.nixos.org'...
copying path '/nix/store/0c06gwsqg8myflxlgp7ghf1kynay2xpa-perl5.42.0-FCGI-0.82' from 'https://cache.nixos.org'...
copying path '/nix/store/dzllx5lks09a7nkd1xg78fypv2mvp8hc-perl5.42.0-TermReadKey-2.38' from 'https://cache.nixos.org'...
copying path '/nix/store/fcdnw6i2vcl50r3iphnd6kqnsa1vkakh-jq-1.8.2' from 'https://cache.nixos.org'...
copying path '/nix/store/6dfcwgp47y4syzqgzhc01vgjv0wl24pa-libblake3-1.8.5' from 'https://cache.nixos.org'...
copying path '/nix/store/f33k2gqijkxdri1di6fr7ngrd16i73kf-popt-1.19' from 'https://cache.nixos.org'...
copying path '/nix/store/05639sga8mh1pdqxr1qh2ad4k3g4lcbc-perl5.42.0-Authen-SASL-2.1900' from 'https://cache.nixos.org'...
copying path '/nix/store/jyrwf1dy0bazpd8r4npdpraw75rkzjab-perl5.42.0-HTTP-Message-6.45' from 'https://cache.nixos.org'...
copying path '/nix/store/4kly3a1zhh3755vnm0w0g50sz07fycmx-protobuf-c-1.5.2-lib' from 'https://cache.nixos.org'...
copying path '/nix/store/sacz532zgiacvg7mva9v6gbfmyw427i3-gnugrep-3.12' from 'https://cache.nixos.org'...
copying path '/nix/store/fzb48w1j5v4pdqzf76hwgvr2angalsv0-libselinux-3.10' from 'https://cache.nixos.org'...
copying path '/nix/store/dv9ai2cb4dvaq6a8ajgyyxdjcqjg49hs-qrencode-4.1.1' from 'https://cache.nixos.org'...
copying path '/nix/store/vkjzswzi7r1ayxa0xr920bjrzmi04x7v-jq-1.8.2-bin' from 'https://cache.nixos.org'...
copying path '/nix/store/y4p2zq5h61l425wnifkk9xsmainfwhr8-runc-1.4.2' from 'https://cache.nixos.org'...
copying path '/nix/store/nyshsvb4dfkzlf6jcnpw2jpfabm5isg3-sd-switch-0.6.3' from 'https://cache.nixos.org'...
copying path '/nix/store/y2rxbgjd1c9yz9rj43250npmy4g2s44h-sops-3.13.3' from 'https://cache.nixos.org'...
copying path '/nix/store/yb7kn7n6sw7hr22639600fis7vcyd2gz-statix-0-unstable-2026-05-14' from 'https://cache.nixos.org'...
copying path '/nix/store/4mzmx837vrpkmfl1p20xnzqbf6i9cw7m-perl5.42.0-HTML-Parser-3.81' from 'https://cache.nixos.org'...
copying path '/nix/store/vrhqx32ab3rc44jhds8w0fnbh37my9f9-perl5.42.0-HTTP-Cookies-6.10' from 'https://cache.nixos.org'...
copying path '/nix/store/67d7rs9hz38azp6w3hjx6zd7zlxih25h-aws-c-cal-0.9.2' from 'https://cache.nixos.org'...
copying path '/nix/store/c0xp7r0mwdv1gg6ya3g3xswy18dlyjhp-coreutils-full-9.11' from 'https://cache.nixos.org'...
copying path '/nix/store/v6ibq54l47kz8m62gm5p4dqr8sjgy4c9-krb5-1.22.2-lib' from 'https://cache.nixos.org'...
copying path '/nix/store/rxjzs65hfjrffnsp3gh3k544i88ygqbk-ldns-1.9.2' from 'https://cache.nixos.org'...
copying path '/nix/store/8rgv6y4hsjfjj80582gzswhi6ld10942-libtpms-0.10.2' from 'https://cache.nixos.org'...
copying path '/nix/store/wkwww4aqjya04ghixs6ihbx2hd9jz3da-logrotate-3.22.0' from 'https://cache.nixos.org'...
copying path '/nix/store/ylm8cvvqs455m3cnfqlx08hh8k81ijj0-ngtcp2-1.22.1' from 'https://cache.nixos.org'...
copying path '/nix/store/z719049mkn366xaynf0jrcdc6jak8iik-open-isns-0.103-lib' from 'https://cache.nixos.org'...
copying path '/nix/store/scdyyq28x2azh1c3mw390c9r9k179pp5-libxext-1.3.7' from 'https://cache.nixos.org'...
copying path '/nix/store/2jwg8dipm605rfs9f6350nvx5yi7nnpw-libxfixes-6.0.2' from 'https://cache.nixos.org'...
copying path '/nix/store/icvh3bpwdwgh0wlmv7m9rswdqq59ydpm-libxrender-0.9.12' from 'https://cache.nixos.org'...
copying path '/nix/store/gqv7phqvmll7dprdmya6102ph64wvj0h-openssl-3.6.3-bin' from 'https://cache.nixos.org'...
copying path '/nix/store/0xh4c4lwpji5qk6g8ykrnk6crg2ghidi-perl5.42.0-CGI-4.59' from 'https://cache.nixos.org'...
copying path '/nix/store/a1qm3gjk755d4f234sfbzwic35v72sa6-perl5.42.0-HTTP-Daemon-6.17' from 'https://cache.nixos.org'...
copying path '/nix/store/imbfqwcwxxq5l5pjmdynzkjnpyidnvhb-perl5.42.0-HTTP-Negotiate-6.01' from 'https://cache.nixos.org'...
copying path '/nix/store/2zxi6qwachad8jl4yihzmsnnw4jz1w6i-perl5.42.0-Net-SSLeay-1.92' from 'https://cache.nixos.org'...
copying path '/nix/store/fldljxwic9b5nkrh4zij2wymqg9whchp-bind-9.20.26-lib' from 'https://cache.nixos.org'...
copying path '/nix/store/74i0gidj7yvd04xnkf6g1ng0hnnv7459-cyrus-sasl-2.1.28' from 'https://cache.nixos.org'...
copying path '/nix/store/na2ajilb695n02pdfsg22lprbkywbdx7-libxrandr-1.5.5' from 'https://cache.nixos.org'...
copying path '/nix/store/f0sk5zsngp4q7wrz72m7yh5snrw3if8j-pre-switch-checks' from 'https://cache.nixos.org'...
copying path '/nix/store/nm95jgm7w3qbrd44b63qnv2sr78k60ly-s2n-tls-1.7.6' from 'https://cache.nixos.org'...
copying path '/nix/store/y51431wmnm7vli4l347dpn44nyhmcrw7-time-1.10' from 'https://cache.nixos.org'...
copying path '/nix/store/g5as98krv347sxvnhj32zmk6yjl70l6r-perl5.42.0-CGI-Fast-2.16' from 'https://cache.nixos.org'...
copying path '/nix/store/arlgrwqkfrxmvl39wzdkq760ih6pajvl-unbound-1.26.0-lib' from 'https://cache.nixos.org'...
copying path '/nix/store/cvbv2sy440wsxdy4qih07zs9dxbgaway-perl5.42.0-IO-Socket-SSL-2.083' from 'https://cache.nixos.org'...
copying path '/nix/store/7k53rdwgxyd7ahswq3qqq7vvl9h6x6hm-openldap-2.6.13' from 'https://cache.nixos.org'...
copying path '/nix/store/24ln638m8sww6kw19yvnqn9aw0s9j0jl-unit-script-iscsid-pre-start' from 'https://cache.nixos.org'...
copying path '/nix/store/6snylzb0haf89m5xwkc7x9vvinkcmj41-openssl-3.6.3-dev' from 'https://cache.nixos.org'...
copying path '/nix/store/0dwb059i576fp8js9zj00kzl4y0pbbdw-unit-script-post-boot-pre-stop' from 'https://cache.nixos.org'...
copying path '/nix/store/dx8pfk04v8f0g94wlzq90y4bi40lw4nh-unit-script-post-boot-start' from 'https://cache.nixos.org'...
copying path '/nix/store/srlzi2z3l24x6y1b1dv9f79wci92ngrh-unit-script-prepare-kexec-start' from 'https://cache.nixos.org'...
copying path '/nix/store/fn422cz3hayvd8sz2iwhykf4f48cj5bn-aws-c-io-0.27.2' from 'https://cache.nixos.org'...
copying path '/nix/store/hb3r2m9ip5ns4x7zj9m1sn3i79ig71q6-unit-script-sleep-actions-pre-stop' from 'https://cache.nixos.org'...
copying path '/nix/store/plyq7vbh5bbhb4y2si2iryjmig05gk7v-bind-9.20.26-host' from 'https://cache.nixos.org'...
copying path '/nix/store/rjp276df0zhsj8n7cby0b2c2p38syxp6-perl5.42.0-Net-SMTP-SSL-1.04' from 'https://cache.nixos.org'...
copying path '/nix/store/93vwvbcylh05byjh9pav9bdcnwgj180h-unit-script-sleep-actions-start' from 'https://cache.nixos.org'...
copying path '/nix/store/z5zjp72jg5yzjvrgs7h7pb0ld5ac1r3m-util-linux-minimal-2.42.2-lib' from 'https://cache.nixos.org'...
copying path '/nix/store/c4f8bfak9m1z7210rkdhz2gl9dggk9vh-util-linux-minimal-2.42.2-login' from 'https://cache.nixos.org'...
copying path '/nix/store/3lzmjbp0wxj4bjmaj286n2dyfkd49wr3-gnutls-3.8.13' from 'https://cache.nixos.org'...
copying path '/nix/store/4qangvdf3rkv93bpi2sjjg695zcs2mqx-wayland-1.25.0' from 'https://cache.nixos.org'...
copying path '/nix/store/7bssl9fh53lcz77ily8sxi89b455x0im-which-2.23' from 'https://cache.nixos.org'...
copying path '/nix/store/fsxbih8cqjkb1f9nv3fsc07a18kyisiz-aws-c-event-stream-0.7.0' from 'https://cache.nixos.org'...
copying path '/nix/store/2p1njlxaznf22syr8l5x53ymlhj8lbc1-aws-c-http-0.11.0' from 'https://cache.nixos.org'...
copying path '/nix/store/w9585zi66jlk7xx7d443v5n8wfjp2l1a-xxhash-0.8.3' from 'https://cache.nixos.org'...
copying path '/nix/store/51hyxk9wipkgfjaj73c9w8a4biip99l8-xz-5.8.3' from 'https://cache.nixos.org'...
copying path '/nix/store/l68i51npb6nlxi6z18gvgb45dz3xr5yp-zlib-1.3.2' from 'https://cache.nixos.org'...
copying path '/nix/store/ld38d50aif305wnb6znn7y83hsa0820g-zlib-ng-2.3.3' from 'https://cache.nixos.org'...
copying path '/nix/store/aadqqqrfvi7mdnk28h366irf6f1s09mb-systemd-minimal-libs-260.2' from 'https://cache.nixos.org'...
copying path '/nix/store/am2hi8dgk0qfngq41nvr4835m19b68j8-zstd-1.5.7' from 'https://cache.nixos.org'...
copying path '/nix/store/49gvqm16gh26jg5mg7fa3r97m7l7sfym-e2fsprogs-1.47.4' from 'https://cache.nixos.org'...
copying path '/nix/store/wpwksxna2lp2y0px8xnxwgs0rfary570-glib-2.88.3' from 'https://cache.nixos.org'...
copying path '/nix/store/m22zkzqhpdcj9cpb8jwrn0dgkm1w0m25-libsm-1.2.6' from 'https://cache.nixos.org'...
copying path '/nix/store/6b4bajw7kj3pyb9amay795qiicn1gzwp-aws-c-auth-0.9.1' from 'https://cache.nixos.org'...
copying path '/nix/store/f0k1kpgd7aikykdw7fzw1qplz7qswp10-aws-c-mqtt-0.13.3' from 'https://cache.nixos.org'...
copying path '/nix/store/yh0kaqv6a2z8ck3i55syqmwvzq4b74h7-cracklib-2.10.3' from 'https://cache.nixos.org'...
copying path '/nix/store/5j5g0rkjd7vbxjpzm6ipgiw0lj0vpapk-file-5.47' from 'https://cache.nixos.org'...
copying path '/nix/store/63z24qsc068xjgy3ax4v98csxm8z93zm-libpng-apng-1.6.58' from 'https://cache.nixos.org'...
copying path '/nix/store/sfni922ga1j0jkq081p62rlpsyzrryyq-gpm-unstable-2020-06-17' from 'https://cache.nixos.org'...
copying path '/nix/store/d7gzrl8irg7hfqzvp3j2f6y6a38pj55x-gptfdisk-1.0.10' from 'https://cache.nixos.org'...
copying path '/nix/store/cvzckqnp5qvpjcymwi53smr1yjx8ch9q-inetutils-2.7' from 'https://cache.nixos.org'...
copying path '/nix/store/sb2apk3hs8g9ljq80srvhb35ddzbqrcx-aws-c-s3-0.8.7' from 'https://cache.nixos.org'...
copying path '/nix/store/6i41qlsh8gf7vwqp81hhcp19xpzvi5xa-boost-1.89.0' from 'https://cache.nixos.org'...
copying path '/nix/store/9s979hn0m0bn4r03xggga0pcd4diny7b-kbd-2.9.0' from 'https://cache.nixos.org'...
copying path '/nix/store/mdmrij6dx6g4r6nc3x1kn8j2yq283dd3-freetype-2.14.3' from 'https://cache.nixos.org'...
copying path '/nix/store/6cyzyibzva7cnys2adj9z8lbqd3xz034-kexec-tools-2.0.32' from 'https://cache.nixos.org'...
copying path '/nix/store/ahni4ky7vcyga5rkfk6yil6g0293qyvk-kmod-31' from 'https://cache.nixos.org'...
copying path '/nix/store/91k9r1ksqdan1dnc8kmkdv29cwbr2b6h-kmod-31-lib' from 'https://cache.nixos.org'...
copying path '/nix/store/2q4qxw870fsgsaddw9jl3mz400564al3-less-692' from 'https://cache.nixos.org'...
copying path '/nix/store/yw45wg7dwysi8cmcbkcdfav09qrqmjj9-aws-crt-cpp-0.34.3' from 'https://cache.nixos.org'...
copying path '/nix/store/pgqz7dzfk4phawp564k93hrscaqhbspw-conntrack-tools-1.4.8' from 'https://cache.nixos.org'...
copying path '/nix/store/wvhfg1bs5zmldgcf2bxlvya26lr65x8z-btrfs-progs-6.19.1' from 'https://cache.nixos.org'...
copying path '/nix/store/anfpy6kjm1w0l5zdnx4ghk8dqvkb3dd6-dhcpcd-10.3.1' from 'https://cache.nixos.org'...
copying path '/nix/store/p0znk6v2nv5vwq7kjqylnhv7zskzdhxf-libarchive-3.8.8-lib' from 'https://cache.nixos.org'...
copying path '/nix/store/pa76n93qlsvbg729jw2l4qrs49f7f304-libedit-20251016-3.1' from 'https://cache.nixos.org'...
copying path '/nix/store/9krwrb9a6b9kmqlfh0gdv0g73mq81if4-libfido2-1.17.0' from 'https://cache.nixos.org'...
copying path '/nix/store/8pgxslbfnma22vfma5md7yl00p62x2z1-fontconfig-2.17.1-lib' from 'https://cache.nixos.org'...
copying path '/nix/store/vd4c701jdbym69njq5ak0bfih88d5w94-libmicrohttpd-1.0.2' from 'https://cache.nixos.org'...
copying path '/nix/store/db6csxns8aag40mf4in9bfsilsx2vgl8-libssh-0.12.2' from 'https://cache.nixos.org'...
copying path '/nix/store/m905d92wqbq630rz24r8jcfhfizvmn0i-libssh2-1.11.1' from 'https://cache.nixos.org'...
copying path '/nix/store/ir0vzwz929f00q98b877rlzm9c2wg44g-libusb-1.0.29' from 'https://cache.nixos.org'...
copying path '/nix/store/ww21sq59scy3kfz9vsnvjcixwyf06hvk-dash-0.5.13.3' from 'https://cache.nixos.org'...
copying path '/nix/store/3llrnwchkvcxgnrr604fhkvcmrlbrk2q-e2fsprogs-1.47.4-bin' from 'https://cache.nixos.org'...
copying path '/nix/store/xd3xlh8fglp15k1nrhwvq5n5qblyghrz-fontconfig-2.17.1-bin' from 'https://cache.nixos.org'...
copying path '/nix/store/dd1dw9m94g21517iqy5a0qqzvqwwrgs1-libarchive-3.8.8' from 'https://cache.nixos.org'...
copying path '/nix/store/gnrba8agyis7a6fxg6m8i94j3s5zzag7-libxt-1.3.1' from 'https://cache.nixos.org'...
copying path '/nix/store/7gbc5rdjsy21kam9hkdfsb2fj2lyh4ax-console-env' from 'https://cache.nixos.org'...
copying path '/nix/store/khbxm3c02xklnz8jgh4cdikkgz73ssh2-linux-pam-1.7.2' from 'https://cache.nixos.org'...
copying path '/nix/store/brrzhh73q6h5c17gi3004svz8659aj52-curl-8.21.0' from 'https://cache.nixos.org'...
copying path '/nix/store/2x7810p4cwkk0psriydhqbyl54yb92z0-libgit2-1.9.7-lib' from 'https://cache.nixos.org'...
copying path '/nix/store/xfgpsqd4q509n0v3zh3f4vm5l9m3m5hc-llvm-21.1.8-lib' from 'https://cache.nixos.org'...
copying path '/nix/store/kp4khgx2g67v63zwgazg99p196s71q6z-lvm2-2.03.39-lib' from 'https://cache.nixos.org'...
copying path '/nix/store/vl09b1z1d4xcg8fkva7j3d284lnidf46-nano-9.2' from 'https://cache.nixos.org'...
copying path '/nix/store/x6bmqjv0bdgdslh227n7hnnpxncqpg50-libarchive-3.8.8-dev' from 'https://cache.nixos.org'...
copying path '/nix/store/k78q09a2n8z60wywqibadjd0vr1v2p3y-ncdu-2.9.2' from 'https://cache.nixos.org'...
copying path '/nix/store/hxv34l653mz487v9sps8v62zw52bpkn3-curl-8.21.0-bin' from 'https://cache.nixos.org'...
copying path '/nix/store/cvv2iqql2vijlyxvfrijhzq7bvzvbwdl-elfutils-0.194' from 'https://cache.nixos.org'...
copying path '/nix/store/clr3gc8bxn467jqa9073rl9c4vg7pfyq-cryptsetup-2.8.6' from 'https://cache.nixos.org'...
copying path '/nix/store/wid997hsx3q8ry7fdbxvh859pxw4vjm4-libxmu-1.3.1' from 'https://cache.nixos.org'...
copying path '/nix/store/iflxdpqw3gdk2zczdcmpz1cwwf35vrg3-X-Restart-Triggers-reload-systemd-vconsole-setup' from 'https://cache.nixos.org'...
copying path '/nix/store/h1dpxri50hi5llambjar3iqsk5d4723k-lvm2-2.03.39-bin' from 'https://cache.nixos.org'...
copying path '/nix/store/08r23s78iw2v38jj4z4hink4i37wy8xl-boost-1.89.0-dev' from 'https://cache.nixos.org'...
copying path '/nix/store/lnw7wa2inzkl92dk3s1c03hcgf00c0ni-chfn.pam' from 'https://cache.nixos.org'...
copying path '/nix/store/f9gjjif2rb9sfp3hffs6bzy528f9j9m2-chpasswd.pam' from 'https://cache.nixos.org'...
copying path '/nix/store/sn0qwydl9x5d3j58njcvlkas7ng378yf-chsh.pam' from 'https://cache.nixos.org'...
copying path '/nix/store/2vi2c72661y594h29w9rd1kfl4xri70q-groupadd.pam' from 'https://cache.nixos.org'...
copying path '/nix/store/kwgjd5w39vr9mk5gcrhbfalaljv4739m-etc-nanorc' from 'https://cache.nixos.org'...
copying path '/nix/store/cd5znwd77xzjdjxsivkq5sn52z4ff0p6-groupdel.pam' from 'https://cache.nixos.org'...
copying path '/nix/store/wgm17vn9yg2ahjlhwlj8xirhimkxnwh3-groupmems.pam' from 'https://cache.nixos.org'...
copying path '/nix/store/4hp15l5bbymr14mm2a7xh6053sapyfpd-groupmod.pam' from 'https://cache.nixos.org'...
copying path '/nix/store/bddz6wynx2d6cs66d9b32qsw26s6wavw-libbpf-1.7.0' from 'https://cache.nixos.org'...
copying path '/nix/store/fyp5g3kpfiiaxw9lsbakxms2ll4q8a8d-libpwquality-1.4.5-lib' from 'https://cache.nixos.org'...
copying path '/nix/store/gripy5dbgwaa7g173vxdm6vr1vwhmk72-nftables-1.1.6' from 'https://cache.nixos.org'...
copying path '/nix/store/qs56yj9gzlv1k8fjzvcd2vlpm9v57hfz-nix-util-2.34.8' from 'https://cache.nixos.org'...
copying path '/nix/store/03859s5riydy8lgy29djmpg2pf6k2819-nixfmt-1.4.0' from 'https://cache.nixos.org'...
copying path '/nix/store/28hprrw9sdi4iarzyxa3r1a22b3dq5pn-openssh-10.5p1' from 'https://cache.nixos.org'...
copying path '/nix/store/gvrl5qp3f7s6yyb7d8l6ij30zcir22ad-other.pam' from 'https://cache.nixos.org'...
copying path '/nix/store/p02wh3g19hlxsj0mifjws5sdk3cvvc31-passwd.pam' from 'https://cache.nixos.org'...
copying path '/nix/store/jksq0zyk08l29w4alp0g3ycgx6pwwjdk-perl-5.42.0' from 'https://cache.nixos.org'...
copying path '/nix/store/gnx0alh2mrc2ndjs7ik6jm3w7avld56w-lvm2-2.03.39' from 'https://cache.nixos.org'...
copying path '/nix/store/5ckqfb66kj5g68d51wgvjknb4hi8fi0z-procps-4.0.6' from 'https://cache.nixos.org'...
copying path '/nix/store/db0m4lhavxmk171x0z4x4vw3rjgdkjyg-iproute2-7.0.0' from 'https://cache.nixos.org'...
copying path '/nix/store/w5mnfv5d8w634ghw8x42z0n959gkbylv-readline-8.3p3' from 'https://cache.nixos.org'...
copying path '/nix/store/j310a1j772b3lszjmxps00704nayqj4f-rsync-3.4.4' from 'https://cache.nixos.org'...
copying path '/nix/store/ww3i605ck3ngmzn5njya9mq1hkx343c2-runuser-l.pam' from 'https://cache.nixos.org'...
copying path '/nix/store/7a1r405zhi5jdxhn5xfw3s6hpmgqiakb-runuser.pam' from 'https://cache.nixos.org'...
copying path '/nix/store/sxprxq1lzq4jv37ay63vy4ad5d4ga2fx-nix-nswrapper-2.34.8' from 'https://cache.nixos.org'...
copying path '/nix/store/hxkiyly4vdnq3khymvp93jkdg4jd96rz-nix-util-c-2.34.8' from 'https://cache.nixos.org'...
copying path '/nix/store/x16ac3krdm3mrpirj8a4g40r15ddhh7m-security-wrapper-unix_chkpwd-x86_64-unknown-linux-musl' from 'https://cache.nixos.org'...
copying path '/nix/store/v72gpw6s80x2d632lmb41wp53zxlz1m4-shared-mime-info-2.4' from 'https://cache.nixos.org'...
copying path '/nix/store/p774nkfb6frncliffdsyppg93n3cpb4b-sqlite-3.51.2' from 'https://cache.nixos.org'...
copying path '/nix/store/pkf547jp8a92k4wmxikkyby58w10pysr-bash-interactive-5.3p9' from 'https://cache.nixos.org'...
copying path '/nix/store/08mnag1sppj2l9a7yshz4rn51iazfyal-socat-1.8.1.3' from 'https://cache.nixos.org'...
copying path '/nix/store/nc1v34la9h8d7k1sfhgvsxmq53lxv07q-strace-7.2' from 'https://cache.nixos.org'...
copying path '/nix/store/q9xs4w9gsyknmzwz8dmrbxydr797gzf7-sudo-1.9.17p2' from 'https://cache.nixos.org'...
copying path '/nix/store/ivcx4j75ah96h85kimqpwla0pwb14dvp-sudo.pam' from 'https://cache.nixos.org'...
copying path '/nix/store/9djar9h5rr86qbz9n7ip6g3i8r40f51w-tcb-1.2' from 'https://cache.nixos.org'...
copying path '/nix/store/kxcgzz6lhrp9b5l3b394haz74g7721id-tpm2-tss-4.2.0' from 'https://cache.nixos.org'...
copying path '/nix/store/0l732dy7d4w9xrg71dbb6pdyiz72rgb7-useradd.pam' from 'https://cache.nixos.org'...
copying path '/nix/store/2hvfn54g2zadj629z0ckbhv44cxwby5c-userdel.pam' from 'https://cache.nixos.org'...
copying path '/nix/store/ax1xvjm9sxwms8abch380hy2fn1z9fd6-usermod.pam' from 'https://cache.nixos.org'...
copying path '/nix/store/gdalsnb0bbj02c9vbskyzg4qisdlcf3p-shadow-4.19.4' from 'https://cache.nixos.org'...
copying path '/nix/store/k77kpp56p10f5gkdigq288djalcvaj43-util-linux-minimal-2.42.2-mount' from 'https://cache.nixos.org'...
copying path '/nix/store/ss2d4klaskmpg7sd1krwrd18m58lxymz-util-linux-minimal-2.42.2-swap' from 'https://cache.nixos.org'...
copying path '/nix/store/2m7z7l26nxvglzb6k5ii7k2kp25hqi37-vlock.pam' from 'https://cache.nixos.org'...
copying path '/nix/store/7jb4mq9dcm9r3nbi9n5ffwb3happlmnv-wget-1.25.0' from 'https://cache.nixos.org'...
copying path '/nix/store/vxgmp7lfwicna0mxgr6fhbacv348wzl9-k3s-bin-1.36.2+k3s1' from 'https://cache.nixos.org'...
copying path '/nix/store/ra1885ms4h4wajgg1pzmxjk6ijdqq609-nix-store-2.34.8' from 'https://cache.nixos.org'...
copying path '/nix/store/xqnbm0vgqcq9b1b54c80qj9s0qhbwa08-python3-3.13.15' from 'https://cache.nixos.org'...
copying path '/nix/store/ccvdybwln7cvwa10xsjjqsml004xja8m-systemd-minimal-260.2' from 'https://cache.nixos.org'...
copying path '/nix/store/xf4hkkqv4xlcikiwisd8fdry6v9ncgzs-gnupg-2.4.9' from 'https://cache.nixos.org'...
copying path '/nix/store/d8asimr90i6vhvnn72i2q4cl2xwdb3vh-etc-shells' from 'https://cache.nixos.org'...
copying path '/nix/store/055skq6qnzl8pyhhzycp25nlnz4dy547-iptables-1.8.13' from 'https://cache.nixos.org'...
copying path '/nix/store/jd31avabsm15zfjmidymhcwrw54fmfhm-nix-fetchers-2.34.8' from 'https://cache.nixos.org'...
copying path '/nix/store/vrr76aq4sph3qlp5x5y9rgrmw69sgaqs-nix-info' from 'https://cache.nixos.org'...
copying path '/nix/store/ssrjh8dwzzj1vb2xsyp74sp9any5f1fi-nix-main-2.34.8' from 'https://cache.nixos.org'...
copying path '/nix/store/smb2kqngmjw4jkd03qh2h12z8mrhf30l-nix-store-c-2.34.8' from 'https://cache.nixos.org'...
copying path '/nix/store/jfb7bpnyyvpj1nbwvh7nsnay4mmiswsw-nixos-firewall-tool' from 'https://cache.nixos.org'...
copying path '/nix/store/g24g3y8qrn3jwgfnzq99m3c82cl2k4mz-nix-expr-2.34.8' from 'https://cache.nixos.org'...
copying path '/nix/store/7qhjwgfm80mwpg9j0cjixl0rz064iad4-nix-fetchers-c-2.34.8' from 'https://cache.nixos.org'...
copying path '/nix/store/nid1sk6ia7455l923rbz5vzz4pg0jyx0-nix-main-c-2.34.8' from 'https://cache.nixos.org'...
copying path '/nix/store/mrv0mpwlqi96vppl01mc9np7yziqj3n5-security-wrapper-newgidmap-x86_64-unknown-linux-musl' from 'https://cache.nixos.org'...
copying path '/nix/store/9nhd8bxd2q6fmqqb0lff2xd899r9mqhi-security-wrapper-newgrp-x86_64-unknown-linux-musl' from 'https://cache.nixos.org'...
copying path '/nix/store/lhfhk55sp37gqvd43f8jcpi3bamsznw4-security-wrapper-newuidmap-x86_64-unknown-linux-musl' from 'https://cache.nixos.org'...
copying path '/nix/store/8mwinbip6fjb44pnwh8fphff6v0wjfyv-security-wrapper-sg-x86_64-unknown-linux-musl' from 'https://cache.nixos.org'...
copying path '/nix/store/ai4ww25fz6114k9m14m70s87n67qkmwf-security-wrapper-sudo-x86_64-unknown-linux-musl' from 'https://cache.nixos.org'...
copying path '/nix/store/l22ka0arnwzc48xxgin47inpg0hakm9r-security-wrapper-sudoedit-x86_64-unknown-linux-musl' from 'https://cache.nixos.org'...
copying path '/nix/store/j4irypvykil70289ddhyls9pf1ralc1r-shadow-4.19.4-su' from 'https://cache.nixos.org'...
copying path '/nix/store/02y6jiffv1m9fn9kl3wqnf44486y7fk0-sudo-1.9.17p2-doc' from 'https://cache.nixos.org'...
copying path '/nix/store/0xiinbh7pbj479i5v28mqnjrvhvbdibf-systemd-260.2' from 'https://cache.nixos.org'...
copying path '/nix/store/8sqm435h5mfhhkf9r6rjfn4ns8cpj9b3-nix-expr-c-2.34.8' from 'https://cache.nixos.org'...
copying path '/nix/store/ab6cflwqj1006lwlghw9vvfc8v467n3i-nix-flake-2.34.8' from 'https://cache.nixos.org'...
copying path '/nix/store/9kzxr4cjjijjij5ad048fj5p8hsk213g-nixt-2.9.1' from 'https://cache.nixos.org'...
copying path '/nix/store/mxngrhq5rrxkm2bj4zqn51glpsljvvgk-security-wrapper-su-x86_64-unknown-linux-musl' from 'https://cache.nixos.org'...
copying path '/nix/store/w8kk5aaq618hnsm3rqalksdgrd8qlyjy-util-linux-2.42.2-lib' from 'https://cache.nixos.org'...
copying path '/nix/store/j2cwh4a23s7z65nyvjfck2axj2ci16ml-util-linux-minimal-2.42.2-bin' from 'https://cache.nixos.org'...
copying path '/nix/store/b79rlbss193xsccf8k39r507za1jk4xy-xauth-1.1.5' from 'https://cache.nixos.org'...
copying path '/nix/store/ag994bfxf4wg90nv66y2j18djc5v34cc-xz-5.8.3-bin' from 'https://cache.nixos.org'...
copying path '/nix/store/6likqwy33cgh1whw1fmn7a958cqw1r01-nix-cmd-2.34.8' from 'https://cache.nixos.org'...
copying path '/nix/store/7vwmqkqib78mw8nf5pdvx0r9rshmybxb-nix-flake-c-2.34.8' from 'https://cache.nixos.org'...
copying path '/nix/store/096kns5zkm9yszg3mqhxwnifgf3safj3-su.pam' from 'https://cache.nixos.org'...
copying path '/nix/store/xvd9s1sg5fb4zrvr649i4dydrrkngrj1-zstd-1.5.7-bin' from 'https://cache.nixos.org'...
copying path '/nix/store/b8y93ncn8bqndj3iid6lla4hvjhhy9ps-nix-2.34.8' from 'https://cache.nixos.org'...
copying path '/nix/store/ac5ncnyqg8wvpbbhc8knlck2i1vv3p5y-dbus-1.16.2-lib' from 'https://cache.nixos.org'...
copying path '/nix/store/l5yfi85qxzq5sb7cxk49kzmhznbxzdb4-VirtualBox-GuestAdditions-7.2.16-7.2.1' from 'https://cache.nixos.org'...
copying path '/nix/store/xr9mx11i6gary2gbxnkfbxrdd0nfi4bx-dbus-1.16.2' from 'https://cache.nixos.org'...
copying path '/nix/store/qix9bpv1pprfjz7r5a9cpdkhqk2s03ii-switch-to-configuration-0.1.0' from 'https://cache.nixos.org'...
copying path '/nix/store/qpf181fl144q8mwcamdw58iy43ks9r4g-lm-sensors-3.6.2-bin' from 'https://cache.nixos.org'...
copying path '/nix/store/444yacijzhl94hxg3k83232skl6rqrwv-nix-perl-2.34.8' from 'https://cache.nixos.org'...
copying path '/nix/store/lic77jg314z8zlf43ij9ni3bpzmk5jc6-check-mountpoints' from 'https://cache.nixos.org'...
copying path '/nix/store/mrkhvxi2v49s0x3sdkbfgdm666cjf8h5-fuse-2.9.9-bin' from 'https://cache.nixos.org'...
copying path '/nix/store/2sz2rmrwpc2kff2w8rq6px2nv1gwl4br-fuse-3.17.4' from 'https://cache.nixos.org'...
copying path '/nix/store/phvdhap8ylrf7xffpbqlad69faza6mdx-man-db-2.13.1' from 'https://cache.nixos.org'...
copying path '/nix/store/vvb7p1bpxzywf2gc6q11ixi48srf757b-lvm2-2.03.39-scripts' from 'https://cache.nixos.org'...
copying path '/nix/store/i4bv0lvk0gfzllcy2kqgz3iam0aw4c4i-nix-2.34.8' from 'https://cache.nixos.org'...
copying path '/nix/store/lncccjysbrhk7fsn37v0gkbcqgawl60n-nixos-enter' from 'https://cache.nixos.org'...
copying path '/nix/store/202lbf9fc1l09klc5ibw1lwxlqd5mr8l-perl-5.42.0-env' from 'https://cache.nixos.org'...
copying path '/nix/store/xp99bvc5brkxdl13y1i99ih4ia9w6q7h-bcache-tools-1.1' from 'https://cache.nixos.org'...
copying path '/nix/store/17g9d8hnj52sb0chdd7a7wcicg187w0h-fuse-3.17.4-bin' from 'https://cache.nixos.org'...
copying path '/nix/store/xasbpd4bdfapfxsglr651asi9pmkakpg-etc-lvm-lvm.conf' from 'https://cache.nixos.org'...
copying path '/nix/store/k4a7p2ap87g5a7hvrdxx8ii9fb9fq5if-nixos-install' from 'https://cache.nixos.org'...
copying path '/nix/store/4d4gjjj8vahg1ss4y0cdfarr0m7k52l7-perl-5.42.0-env' from 'https://cache.nixos.org'...
copying path '/nix/store/h80nb302p7ngby23ia4k8r0dmk1di5p7-perl-5.42.0-env' from 'https://cache.nixos.org'...
copying path '/nix/store/xcbnr01clpgvgbdz3vjas9xyww39hdd6-nixos-option' from 'https://cache.nixos.org'...
copying path '/nix/store/yvxj18wrfjd1nfsid988lc9ixhzi174m-perl5.42.0-libwww-perl-6.72' from 'https://cache.nixos.org'...
copying path '/nix/store/idpyvks0b3bhd4akycfp8v87k6gri947-security-wrapper-fusermount-x86_64-unknown-linux-musl' from 'https://cache.nixos.org'...
copying path '/nix/store/hprmkq3k6bkrdxdaxnw17ihrn865l5jc-security-wrapper-fusermount3-x86_64-unknown-linux-musl' from 'https://cache.nixos.org'...
copying path '/nix/store/p43451fxbl4hqjgq4ffma4nqbfidpgsy-texinfo-interactive-7.2' from 'https://cache.nixos.org'...
copying path '/nix/store/9bls42pnwrggsa8qjaqndnm3j9bxg6lw-util-linux-2.42.2-lastlog' from 'https://cache.nixos.org'...
copying path '/nix/store/1x5jg0lqqrq6n9k534x8j1lzh2m7szrn-home-manager-0-unstable-2026-04-24' from 'https://cache.nixos.org'...
copying path '/nix/store/sxwaql61rw36w5hmim26931h8qhiljf6-util-linux-2.42.2-login' from 'https://cache.nixos.org'...
copying path '/nix/store/90rjmhrzh960fl8y34xbx035sxkn5zc0-util-linux-2.42.2-mount' from 'https://cache.nixos.org'...
copying path '/nix/store/dmw3jqvrx6mjvdkqmdlsfa4wamn4n8qb-util-linux-2.42.2-swap' from 'https://cache.nixos.org'...
copying path '/nix/store/qa0l6xjbk48hn9paj15km9cyixnl2hay-w3m-0.5.6' from 'https://cache.nixos.org'...
copying path '/nix/store/4n075ll5jdwbjv142yg8ymz5f3yf4pam-util-linux-2.42.2-bin' from 'https://cache.nixos.org'...
copying path '/nix/store/7yci8ziaa4pbmp6l4lg37b7wbhc06fb9-nixos-help' from 'https://cache.nixos.org'...
copying path '/nix/store/q8hp7ri115cclxyhj9j582z2baskikkn-nixos-help' from 'https://cache.nixos.org'...
copying path '/nix/store/bghwmj2f8assxrm640v51zq0xhw9rjbp-security-wrapper-mount-x86_64-unknown-linux-musl' from 'https://cache.nixos.org'...
copying path '/nix/store/44yhc9pq3lkvsamfbh9mb9pr6d61klcm-security-wrapper-umount-x86_64-unknown-linux-musl' from 'https://cache.nixos.org'...
copying path '/nix/store/c8msxhp2bqj46hkki89v9z05cffx3v3h-getty' from 'https://cache.nixos.org'...
copying path '/nix/store/gsiyl5j7929c7pqpixds1m419wb9hyjn-getty' from 'https://cache.nixos.org'...
copying path '/nix/store/r1bradn7gb62xbhqk7mb9rycc49xylx3-unit-script-suid-sgid-wrappers-start' from 'https://cache.nixos.org'...
copying path '/nix/store/52k47shyn682b1blwrryiha1inib69gq-dbus-broker-37' from 'https://cache.nixos.org'...
copying path '/nix/store/qj1grkcky46nscfsnjv2qpppcqg94mfi-hostname' from 'https://cache.nixos.org'...
copying path '/nix/store/1y0c7mfa4ak2js3mlxwwxz5j74gbhnld-ld-library-path' from 'https://cache.nixos.org'...
copying path '/nix/store/yivfmh61nmnr06bi45dcxbbcpacjfa0m-login.pam' from 'https://cache.nixos.org'...
copying path '/nix/store/p839kb240ayix4dpnvsr61brslw1cgj8-open-iscsi-2.1.12' from 'https://cache.nixos.org'...
copying path '/nix/store/8i5gszg3ajmy9wbd0pajj7kwb61x50x1-nixos-generate-config' from 'https://cache.nixos.org'...
copying path '/nix/store/w6hpw8xwgm7k5wpz2wsvjw71s5166cdr-sshd.pam' from 'https://cache.nixos.org'...
copying path '/nix/store/f91yslanw7bg9ibvd3wn0x8darlj4s37-systemd' from 'https://cache.nixos.org'...
copying path '/nix/store/6bjwv9h256vi48lsmjqxhdl6fcc3v003-systemd-user.pam' from 'https://cache.nixos.org'...
copying path '/nix/store/hn1fyisdr5vb05wz6a852y6z3iypqamh-udev-path' from 'https://cache.nixos.org'...
copying path '/nix/store/8sxb4zn4zr788wca86mjcz9qfyr7r6gi-unit-container-getty-.service' from 'https://cache.nixos.org'...
copying path '/nix/store/gb7mprj2qngw0r8c2ldfp79ff0k372xg-unit-dbus.service' from 'https://cache.nixos.org'...
copying path '/nix/store/c4r6jn5hn6siv9383762ys3l508s4f4b-unit-getty-.service' from 'https://cache.nixos.org'...
copying path '/nix/store/rma79288wywg69s7cxajysrj3al32nyp-unit-iscsid.service' from 'https://cache.nixos.org'...
copying path '/nix/store/apwqz1fv2w7080c5bbb37s0qcbw0i8df-unit-kmod-static-nodes.service' from 'https://cache.nixos.org'...
copying path '/nix/store/k92wbnr70lij1qnl4wcgyvcis100v0f8-unit-lastlog2-import.service' from 'https://cache.nixos.org'...
copying path '/nix/store/lglg9lf33v335l4rzdwh5nxfj67p1wfg-unit-logrotate-checkconf.service' from 'https://cache.nixos.org'...
copying path '/nix/store/g6vazkbiqn1z4dvsc5205c9bkjihk8y7-unit-logrotate.service' from 'https://cache.nixos.org'...
copying path '/nix/store/4fzvnrid2anm20sxa478yks02w113b7r-unit-modprobe-.service' from 'https://cache.nixos.org'...
copying path '/nix/store/xlg711cypryp08zgswq0xc2h9q3nf324-unit-nix-optimise.service' from 'https://cache.nixos.org'...
copying path '/nix/store/462hi453bvp26rkiasa1jn2c30fygfiz-unit-post-boot.service' from 'https://cache.nixos.org'...
copying path '/nix/store/ijjiz5sgd1bzh5kv53x6pin5wif0j58h-unit-nscd.service' from 'https://cache.nixos.org'...
copying path '/nix/store/kg4agmg4a7z4djvr9l2c22lz7mca3wyw-unit-prepare-kexec.service' from 'https://cache.nixos.org'...
copying path '/nix/store/5d5xnixjs2liicghhc3w4cckg77fy9am-unit-reload-systemd-vconsole-setup.service' from 'https://cache.nixos.org'...
copying path '/nix/store/3g1kakryn0icj7r0hpdf6g8r6gjilml9-nix-util-2.34.8-dev' from 'https://cache.nixos.org'...
copying path '/nix/store/6krvm865cir40ysk8h6g2y2il7z1nrfp-unit-script-linger-users-start' from 'https://cache.nixos.org'...
copying path '/nix/store/crps5nj597bdpsd54nrma0pixfw8bd8z-unit-script-nixos-activation-start' from 'https://cache.nixos.org'...
copying path '/nix/store/rfmlv6dqpcnzig2i87gfim46nnakrx54-unit-sleep-actions.service' from 'https://cache.nixos.org'...
copying path '/nix/store/myvppcsaqlp6iiikg9qwr384xc4hdvim-unit-serial-getty-.service' from 'https://cache.nixos.org'...
copying path '/nix/store/i816mq4zlqvc32w6js8nxbvsaiji6mdw-unit-sshd-vsock.socket' from 'https://cache.nixos.org'...
copying path '/nix/store/501gfkjnc29n3wd33d7d72krk9g6np6h-unit-sshd-vsock-.service' from 'https://cache.nixos.org'...
copying path '/nix/store/sbymkwf01dcccxy1l2apsl1iya4vv474-unit-suid-sgid-wrappers.service' from 'https://cache.nixos.org'...
copying path '/nix/store/vss4kj23s6r8hc9w2amf8h7r4ak4s1gd-unit-systemd-backlight-.service' from 'https://cache.nixos.org'...
copying path '/nix/store/sbj2jkmr4h75hcp35gwiy81f8ciqb41k-unit-systemd-hostnamed.service' from 'https://cache.nixos.org'...
copying path '/nix/store/79l39qw5lvkhdfkf21y7a43wswngp086-50-coredump.conf' from 'https://cache.nixos.org'...
copying path '/nix/store/2337ky238a5y1igbylxkh3w4v29a4bjn-nix-store-2.34.8-dev' from 'https://cache.nixos.org'...
copying path '/nix/store/iqh6jdvh17l5jdmk5ki3cyy62yj04rr3-nix-util-c-2.34.8-dev' from 'https://cache.nixos.org'...
copying path '/nix/store/2v02k9wzbd0nshz5ln0qr6l8bbpa5cv5-unit-linger-users.service' from 'https://cache.nixos.org'...
copying path '/nix/store/8hzq909n1rll8scfr59kci7j4c6lf83h-unit-nixos-activation.service' from 'https://cache.nixos.org'...
copying path '/nix/store/psg7b6zvg7540k1bj67fnlkfwxx9b2gg-unit-systemd-journal-flush.service' from 'https://cache.nixos.org'...
copying path '/nix/store/z3x7xjilr69qj16ql7axr7hs0bnyikj6-unit-systemd-importd.service' from 'https://cache.nixos.org'...
copying path '/nix/store/s4bhdx48vaxw00s40q6qz2frd5la6hyy-unit-systemd-journald-.service' from 'https://cache.nixos.org'...
copying path '/nix/store/b0ndyz4xnzl596h2gxv5yfrm5fgi22h3-unit-systemd-journald.service' from 'https://cache.nixos.org'...
copying path '/nix/store/ja0k8q0zvvil54046n0xra55zng0vsq0-unit-systemd-localed.service' from 'https://cache.nixos.org'...
copying path '/nix/store/mlwzk57985iiic0hawa7bbycly7923kc-unit-systemd-logind.service' from 'https://cache.nixos.org'...
copying path '/nix/store/lwb6jqck7yskn4jsvd958p8ic850vhql-unit-systemd-mkswap-.service' from 'https://cache.nixos.org'...
copying path '/nix/store/njfmyv6aifkxwi2zswvd4bwnc5w9r1l0-unit-systemd-modules-load.service' from 'https://cache.nixos.org'...
copying path '/nix/store/58wpabsfmlkikgj0pgifs2hwk6nafaqq-nix-fetchers-2.34.8-dev' from 'https://cache.nixos.org'...
copying path '/nix/store/qdw31z8v965b40qschxcrfgbzj3wq48m-nix-store-c-2.34.8-dev' from 'https://cache.nixos.org'...
copying path '/nix/store/glwgdgp9ar6ms7jr7y9dqzd5dniwbp01-unit-systemd-nspawn-.service' from 'https://cache.nixos.org'...
copying path '/nix/store/75fnk0nwchn9zsa91618lk7bhnlqxija-unit-systemd-oomd.service' from 'https://cache.nixos.org'...
copying path '/nix/store/gi57kdqg1blqhkxj4ymk6s8i1ly7915q-unit-systemd-pstore.service' from 'https://cache.nixos.org'...
copying path '/nix/store/4pkqy20caycm48kamda3ycnd2k8l603i-unit-systemd-random-seed.service' from 'https://cache.nixos.org'...
copying path '/nix/store/2m33ymd9q9jbhkcpshzci7x6kh0abkfq-unit-systemd-remount-fs.service' from 'https://cache.nixos.org'...
copying path '/nix/store/hs7dfzg40br7283wv2xg1hlmzznzp9h3-unit-systemd-resolved.service' from 'https://cache.nixos.org'...
copying path '/nix/store/d5zqkhrkjxh7dvbdy1hpm2mwpf4x9q71-unit-systemd-timedated.service' from 'https://cache.nixos.org'...
copying path '/nix/store/v5w5clg8a8p1m63qrj87g5dycv2k0hg1-unit-systemd-timesyncd.service' from 'https://cache.nixos.org'...
copying path '/nix/store/zjpakh88imzjbqc072rddjnl2bfc6dps-unit-systemd-tmpfiles-setup.service' from 'https://cache.nixos.org'...
copying path '/nix/store/wfjs8x473ngzxk7254ngz1idflzclhkb-nix-expr-2.34.8-dev' from 'https://cache.nixos.org'...
copying path '/nix/store/isbkxmncf09y0mhpf3k10pd7pjz907i0-unit-systemd-update-utmp.service' from 'https://cache.nixos.org'...
copying path '/nix/store/67iqk2nmcrcqy41ll8052bg34524cffs-unit-systemd-user-sessions.service' from 'https://cache.nixos.org'...
copying path '/nix/store/lkqh0jxxlfjldna53hwys5m9ki5n2v52-unit-user-.service' from 'https://cache.nixos.org'...
copying path '/nix/store/v902wgjq9s6g5nn7h2rg3pdqjphq383a-unit-user-runtime-dir-.service' from 'https://cache.nixos.org'...
copying path '/nix/store/zxd2a2j1r5j4lsla1fdrl3c73d7025vg-nix-expr-c-2.34.8-dev' from 'https://cache.nixos.org'...
copying path '/nix/store/zaqfzh1qs5kyxh0jmylmy0px4x6wnnfg-nix-main-2.34.8-dev' from 'https://cache.nixos.org'...
copying path '/nix/store/nv47nd0wyfx5nwfqpbsfpgkmh1xvz552-nix-flake-2.34.8-dev' from 'https://cache.nixos.org'...
copying path '/nix/store/yr8chlcw6c5fmiy30lcf6zqhz0l6cmhj-nix-main-c-2.34.8-dev' from 'https://cache.nixos.org'...
copying path '/nix/store/9c91lqskvjgw8pmfhxpg45lr9b1p3y91-nix-cmd-2.34.8-dev' from 'https://cache.nixos.org'...
copying path '/nix/store/3g605hmg8yb5vv7fvimvmb17axz293wk-nix-fetchers-c-2.34.8-dev' from 'https://cache.nixos.org'...
copying path '/nix/store/zfiymrj6bcdywjrjm093639pb1b0wrhc-nix-flake-c-2.34.8-dev' from 'https://cache.nixos.org'...
copying path '/nix/store/ikkb5jl53i9hrn29hlqhaj32hagsf40q-nix-2.34.8-dev' from 'https://cache.nixos.org'...
copying path '/nix/store/0rcfyf7iymjpxpz3sdjy1wglx6mzh4h9-cloud-utils-0.33-guest' from 'https://cache.nixos.org'...
copying path '/nix/store/c1lg2lqk42pd0bfv21axvccadd1d599h-nixos-rebuild-ng-26.05' from 'https://cache.nixos.org'...
copying path '/nix/store/nly4cml071i82515r89rpdw38z55wjqd-git-2.54.0' from 'https://cache.nixos.org'...
copying path '/nix/store/0i8jsjcaymvc2ha3a5w9fdym6fc6gx26-python3.13-pyyaml-6.0.3' from 'https://cache.nixos.org'...
copying path '/nix/store/yxcnd886dkh8v7kks0dvk0z94wynfh5i-python3.13-certifi-2026.01.04' from 'https://cache.nixos.org'...
copying path '/nix/store/w6mxnqq9c3drdrv7gaaf1d18l7hwchm7-python3.13-charset-normalizer-3.4.7' from 'https://cache.nixos.org'...
copying path '/nix/store/k067nqcfva9qn5mxpcfd20x6c51cxi2k-python3.13-click-8.3.1' from 'https://cache.nixos.org'...
copying path '/nix/store/m0rwm1nkjx6i3rrsdchwrvja9zbwdmf3-python3.13-colorama-0.4.6' from 'https://cache.nixos.org'...
copying path '/nix/store/xcdprxpm1cqkpx3y2nn152ms9mjy8pn0-python3.13-idna-3.15' from 'https://cache.nixos.org'...
copying path '/nix/store/amqpvx6d9s3kp6gx1c4n1wkxnfk699zy-python3.13-pycparser-3.00' from 'https://cache.nixos.org'...
copying path '/nix/store/5f8lr4kihfpnnhwpxfb2i9gyav45w0l0-python3.13-pyinotify-0.9.6' from 'https://cache.nixos.org'...
copying path '/nix/store/a4x2b6nfs57pgkw5q0ac0bprzxdbgxrg-python3.13-setuptools-80.10.1' from 'https://cache.nixos.org'...
copying path '/nix/store/gbnp7h7i9kwfrrpp6y8k84psiv6i9847-python3.13-systemd-python-235' from 'https://cache.nixos.org'...
copying path '/nix/store/6mz4xpnh3c6nkqq3gsi9q1q84cy48i8h-python3.13-toml-0.10.2' from 'https://cache.nixos.org'...
copying path '/nix/store/jrl4rc2ajggwwfd2fm2migyw6afnx57d-python3.13-zc-lockfile-4.0' from 'https://cache.nixos.org'...
copying path '/nix/store/icpaabrwvygf3qb4fvx8k0pxqbf47lqf-python3.13-urllib3-2.6.3' from 'https://cache.nixos.org'...
copying path '/nix/store/k845qa8n5ap7ixwalvb0fk14g6x2y18z-python3.13-zodbpickle-4.4' from 'https://cache.nixos.org'...
copying path '/nix/store/3aw21sbxcsv6kiy0cs0ncyh5dh7pjib2-python3.13-cffi-2.0.0' from 'https://cache.nixos.org'...
copying path '/nix/store/hdgmzh052dsxvr2n0ffgg8m73j8dlqfg-python3.13-zope-interface-8.2' from 'https://cache.nixos.org'...
copying path '/nix/store/bkyw4wscgr4yqsm0m6jh987aiihvbm5l-python3.13-transaction-5.0' from 'https://cache.nixos.org'...
copying path '/nix/store/ywrc2z7xgz79rnlrmsd5pw457zc55wxm-python3.13-zope-exceptions-6.0' from 'https://cache.nixos.org'...
copying path '/nix/store/8a2qpsjg6y8akbbq796b9zplwg2mjj15-python3.13-zope-proxy-7.1' from 'https://cache.nixos.org'...
copying path '/nix/store/fr6r222165i7z23w4yw49cz6xn9hgyvm-python3.13-requests-2.33.1' from 'https://cache.nixos.org'...
copying path '/nix/store/v9y8dkd9xhsi26ifyrj0njha6n0bc9hh-python3.13-zope-testrunner-8.1' from 'https://cache.nixos.org'...
copying path '/nix/store/64s57r2q47sdrv1vw36clc5a09nvxq6x-python3.13-zope-deferredimport-6.0' from 'https://cache.nixos.org'...
copying path '/nix/store/riq64xz5791a322q4rcn0mqdcvwsv8j4-python3.13-persistent-6.5' from 'https://cache.nixos.org'...
copying path '/nix/store/97nxx4m87s5j93wjqk1xmcwl332v8057-fail2ban-1.1.0' from 'https://cache.nixos.org'...
copying path '/nix/store/27sz1rs21dp2sv09qkwgzwnka83h21xh-python3.13-zconfig-4.3' from 'https://cache.nixos.org'...
copying path '/nix/store/0b59qhhgici88wr1msaa8qsh59k0q91x-python3.13-btrees-6.3' from 'https://cache.nixos.org'...
copying path '/nix/store/2l0h3f383smyg9qd81s3h6b3m5ribz0k-python3.13-zodb-6.3' from 'https://cache.nixos.org'...
copying path '/nix/store/lz406ghgwllqhial30ygl01pz77fbiam-vulnix-1.12.4' from 'https://cache.nixos.org'...
copying path '/nix/store/1nbpz4azzfapd087v933pmmczriv740q-k3s-1.36.2+k3s1' from 'https://cache.nixos.org'...
copying path '/nix/store/c9ga033rlvqf60mgmsrc6wdiqii2dwr6-nixd-2.9.1' from 'https://cache.nixos.org'...
copying 152 paths...
copying path '/nix/store/087y4h9czxf0fk10vs07cx7d1b8iypm2-unit-var-lib-nixos.mount' to 'ssh://root@192.168.63.101'...
copying path '/nix/store/2h7k788jzzingx9k57r2a3g3wpa9vb6h-unit-script-k3s-bootstrap-phase2-start' to 'ssh://root@192.168.63.101'...
copying path '/nix/store/2my6r1ccx3qq51ncmv8lwnq1cyldccmy-sops-install-secrets-0.0.1' to 'ssh://root@192.168.63.101'...
copying path '/nix/store/2w6wkl0nskw7vqfg9253fh56cbqnk92w-firewall-start' to 'ssh://root@192.168.63.101'...
copying path '/nix/store/2bhqsrb3bxl4kj03lpln619hy7ads0ff-persistence-mount-file' to 'ssh://root@192.168.63.101'...
copying path '/nix/store/1fn373dfkigrl3hqmih0jqq55nnlqb94-users-groups.json' to 'ssh://root@192.168.63.101'...
copying path '/nix/store/32ngicfm3qya13401d0dffynh2rd8nk4-nixos-version' to 'ssh://root@192.168.63.101'...
copying path '/nix/store/3b3j0jyp8j410f94qc7sw3llrqi912va-hm_gitconfig' to 'ssh://root@192.168.63.101'...
copying path '/nix/store/3xmharihlr5ccqrb25hkyh2wb9r2p6f9-systemd-boot' to 'ssh://root@192.168.63.101'...
copying path '/nix/store/4ihrb1isscmni4zlsv9vz3ach9ql6qlx-user-environment' to 'ssh://root@192.168.63.101'...
copying path '/nix/store/51p5caxzwhpqv6v4zz37w41iq0v2dpr5-etc-hostname' to 'ssh://root@192.168.63.101'...
copying path '/nix/store/5zln6mk56ic7py7fx7xm8shy6yflrfx8-hm_homevivian.cache.keep' to 'ssh://root@192.168.63.101'...
copying path '/nix/store/627n3h1fbzc4vp8xg8bq76p7vyjxpp20-unit-script-network-addresses-enp0s3-start' to 'ssh://root@192.168.63.101'...
copying path '/nix/store/6iv6q7qf02cqi7m5r36843wdfj5qdg20-unit-40-enp0s8.link' to 'ssh://root@192.168.63.101'...
copying path '/nix/store/6lh2yig6ndwck2c5wf13kjg8q471j4ci-jail.local' to 'ssh://root@192.168.63.101'...
copying path '/nix/store/7acr8hrrssynaphd4xsinrpyjp6ibs79-unit-script-virtualboxClientVmsvga-pre-start' to 'ssh://root@192.168.63.101'...
copying path '/nix/store/8b3j60zv2i2z4z6m2ylxrv3mcf8yllkd-flannel-cfg.json' to 'ssh://root@192.168.63.101'...
copying path '/nix/store/8f4lx7806pvhvjgwv4rb3j1pd31gml33-vivian-authorized_keys' to 'ssh://root@192.168.63.101'...
copying path '/nix/store/8q8d405qb68035q4hjpmf2yb7kzpfgq9-user-generators' to 'ssh://root@192.168.63.101'...
copying path '/nix/store/8rvj7x256sq9kp3zzs9pp0gyh04vh4fj-tray.target' to 'ssh://root@192.168.63.101'...
copying path '/nix/store/agk3c9dxbi58adbsq3r70l2dvpy7czyw-btrfs-scrub-maybe-cancel' to 'ssh://root@192.168.63.101'...
copying path '/nix/store/akbl0dbrsanclsjdl6ywfwrdv5629hjq-unit-script-virtualboxClientClipboard-pre-start' to 'ssh://root@192.168.63.101'...
copying path '/nix/store/b9qvpizmvlxh048q4sqz8da4payfq0wa-unit-script-virtualboxClientDragAndDrop-pre-start' to 'ssh://root@192.168.63.101'...
copying path '/nix/store/bc666aznjxddzgc24hh69piwhcd9x8mn-unbindOrUnlink-persist-etc-ssh-ssh_host_ed25519_key' to 'ssh://root@192.168.63.101'...
copying path '/nix/store/bkw969cagpyd52x9pk19h781azx90yjn-bashrc' to 'ssh://root@192.168.63.101'...
copying path '/nix/store/bm930ds9mlwvhk2zfy55l2q3kk8fx2qg-b43-firmware-5.100.138-zstd' to 'ssh://root@192.168.63.101'...
copying path '/nix/store/bpcri9675gxjn5kv8kx5zjvyamah3sad-unbindOrUnlink-persist-var-swap' to 'ssh://root@192.168.63.101'...
copying path '/nix/store/ck3gkh8p77ifxrfzbw343hir739g5ks8-xone-dongle-firmware-0-unstable-2025-12-18-zstd' to 'ssh://root@192.168.63.101'...
copying path '/nix/store/cl0y8w0kbc3prj0ss975j0g7lh8n0i7w-dhcpcd.conf' to 'ssh://root@192.168.63.101'...
copying path '/nix/store/cpnmblk2pwls9n04dh848br6d167f4ms-facetimehd-firmware-1.43_5-zstd' to 'ssh://root@192.168.63.101'...
copying path '/nix/store/cpnwafkiy4vaml8pwfdnihyw6mz774r9-unit-btrfs-scrub-home.timer' to 'ssh://root@192.168.63.101'...
copying path '/nix/store/d13lszi158i2myy63x0rjhfh2kh0bl2s-persistence-persist-files' to 'ssh://root@192.168.63.101'...
copying path '/nix/store/d6bhdjmm1glx1dqzl4fcvlhkmadwj2k8-unit-virtualboxClientClipboard.service' to 'ssh://root@192.168.63.101'...
copying path '/nix/store/d6f1q6bgmba6falgn1fbp7in4631rzzp-etc-nix-registry.json' to 'ssh://root@192.168.63.101'...
copying path '/nix/store/d8fqy34dbpk60dss1i8fxi5n66m8g4f3-broadcom-bt-firmware-12.0.1.1012-zstd' to 'ssh://root@192.168.63.101'...
copying path '/nix/store/crqx61r54pj0smgrnh978zq7nrkpz60v-nix.conf' to 'ssh://root@192.168.63.101'...
copying path '/nix/store/fw1lkyqjiqsj2c6jdgnkai4bsaqbwsbs-unit-virtualboxClientVmsvga.service' to 'ssh://root@192.168.63.101'...
copying path '/nix/store/dmqw518183p4zqfs6w2z28xd68wga87q-firewall-reload' to 'ssh://root@192.168.63.101'...
copying path '/nix/store/dwbzrhhbbbdsp91x0w2db7jnlsz97jwq-unit-virtualbox.service' to 'ssh://root@192.168.63.101'...
copying path '/nix/store/fbpjjgh4wv5xmmy8dgfkfrkybn61y5c0-udev-rules' to 'ssh://root@192.168.63.101'...
copying path '/nix/store/ff59axkf4mjzhir4dqyp2382gg28liaz-unit-var-log.mount' to 'ssh://root@192.168.63.101'...
copying path '/nix/store/fg6ssrh3m46vynqgbx8sdqmkz2h80rd6-etc-sysctl.d-60-nixos.conf' to 'ssh://root@192.168.63.101'...
copying path '/nix/store/fjcwlz47y9ryxf6nc4asz90mq2harn9f-unit-script-network-addresses-enp0s8-pre-stop' to 'ssh://root@192.168.63.101'...
copying path '/nix/store/fr094iphajpdfghicj7px9xh1q12gdnm-unit-systemd-machine-id-commit.service' to 'ssh://root@192.168.63.101'...
copying path '/nix/store/fxypjn3k0hz0cbk6gcam05zvvgjzg7q4-set-environment' to 'ssh://root@192.168.63.101'...
copying path '/nix/store/fzgr7w6aka6kj8y2rl4cg97j60fx7skz-system-generators' to 'ssh://root@192.168.63.101'...
copying path '/nix/store/gmc1gfzgrbp64dz5fd6rid2prhvfxvx6-unit-persist-persist-etc-ssh-ssh_host_ed25519_key.service' to 'ssh://root@192.168.63.101'...
copying path '/nix/store/gmgq52zynvc7ahcgln98dadw1xqdqhx6-traefik-config-manifest-traefik-config' to 'ssh://root@192.168.63.101'...
copying path '/nix/store/griwmhf34l4g7nif4qi2c6gv2y083a7f-nix.conf' to 'ssh://root@192.168.63.101'...
copying path '/nix/store/h1is79q2q3cjf4q8slhjvd8apnpmzrf4-hm-setup-env' to 'ssh://root@192.168.63.101'...
copying path '/nix/store/h7fgnxiiq5bir50i9k3c4wbjqympxp3c-unit-script-network-addresses-enp0s8-start' to 'ssh://root@192.168.63.101'...
copying path '/nix/store/h98hd143a8lypg05avyy3xbsb4cgv7xk-unit-script-k3s-bootstrap-phase1-start' to 'ssh://root@192.168.63.101'...
copying path '/nix/store/hf6ilklnqn3fr8aj1wz7k32b1q696820-facetimehd-calibration-5.1.5769-zstd' to 'ssh://root@192.168.63.101'...
copying path '/nix/store/hhyfqjvhy798z5jvqv7lbclc39pb54zh-mount.vboxsf' to 'ssh://root@192.168.63.101'...
copying path '/nix/store/hma344ycd1n8d7x7mih87x88251iyr2i-secrets.yaml' to 'ssh://root@192.168.63.101'...
copying path '/nix/store/jp6l8zck0djii7k8x84xcihyk7a9m3yg-unbindOrUnlink-persist-etc-ssh-ssh_host_ed25519_key.pub' to 'ssh://root@192.168.63.101'...
copying path '/nix/store/jqx7imypwsmln2xdwm2j9380aw1qicxp-unit-sshd-.service' to 'ssh://root@192.168.63.101'...
copying path '/nix/store/jr5nh68bwrr50drl8lw5w8wnwkhh9w29-hosts' to 'ssh://root@192.168.63.101'...
copying path '/nix/store/k73ml1d204lihbvd8cl30lf2m5am2558-etc-iscsi-initiatorname.iscsi' to 'ssh://root@192.168.63.101'...
copying path '/nix/store/kjw9s15q1bx9z4sad94136vraf9vnyl4-unit-script-mkswap-var-swap-start' to 'ssh://root@192.168.63.101'...
copying path '/nix/store/kp14snvfbl45kn5mr74jhfpz91350nbm-unit-var-lib-systemd-timers.mount' to 'ssh://root@192.168.63.101'...
copying path '/nix/store/ldywq953f04ia8425hqz219dbq0fiyml-unit-btrfs-scrub-home.service' to 'ssh://root@192.168.63.101'...
copying path '/nix/store/ljkkh24ds5m4hdadxq8zayiccp0bfzng-hm_k3s.yaml' to 'ssh://root@192.168.63.101'...
copying path '/nix/store/lsvxg6fc85z6ypl0dwj69dvxmhsmynnd-linux-7.2.1-modules' to 'ssh://root@192.168.63.101'...
copying path '/nix/store/m8lh1rnndrp1kzlxcpi4b8xzkaa6srz6-etc-ssh-ssh_config' to 'ssh://root@192.168.63.101'...
copying path '/nix/store/n9d4zf11fafaj8xg8v58d3hhv3jfi7sc-hm-session-vars.sh' to 'ssh://root@192.168.63.101'...
copying path '/nix/store/n9xjci2zwjshgzd67i8vfpj44xy9kdpd-X-Restart-Triggers-systemd-udevd' to 'ssh://root@192.168.63.101'...
copying path '/nix/store/nlna2wc4wn69a6nzdf8vifyldswalai5-issue' to 'ssh://root@192.168.63.101'...
copying path '/nix/store/npqz2sdkpgfcmhnx1qlrwnwf6fbd1527-persistence-create-directories' to 'ssh://root@192.168.63.101'...
copying path '/nix/store/npxxmb9i15nv1a068biwkvxx8gc34r3c-unit-mkswap-var-swap.service' to 'ssh://root@192.168.63.101'...
copying path '/nix/store/ny3qhww171jqr0b64cf2y2sl2fr7haf9-unit-persist-persist-etc-ssh-ssh_host_ed25519_key.pub.service' to 'ssh://root@192.168.63.101'...
copying path '/nix/store/pb4lhlsbhh4clvvrp9sv7r2jc3bjx8pl-unit-persist-persist-var-swap.service' to 'ssh://root@192.168.63.101'...
copying path '/nix/store/qkrps9z0nwcshcg4m68gyp2rv48cazn5-unit-script-nix-gc-start' to 'ssh://root@192.168.63.101'...
copying path '/nix/store/rcv178x1fgkfqyayd0davsh7sky6xyld-hm-modules-messages' to 'ssh://root@192.168.63.101'...
copying path '/nix/store/rlhcj2g9cnbralc23clkacjwgn282s8v-etc-pam-environment' to 'ssh://root@192.168.63.101'...
copying path '/nix/store/rn188026c6fpb5nrc7qbz98yzlx0wg8p-unit-firewall.service' to 'ssh://root@192.168.63.101'...
copying path '/nix/store/ry3asgszhi4sig8j1va75xydh7s4w3qg-10-k3s.conf' to 'ssh://root@192.168.63.101'...
copying path '/nix/store/sbgf3ar6hinig32g7bvrkl9rzvlj1d96-hm_environment.d10homemanager.conf' to 'ssh://root@192.168.63.101'...
copying path '/nix/store/sfsgzcya479nbav9wwy9jnxcvzcryyhr-root-authorized_keys' to 'ssh://root@192.168.63.101'...
copying path '/nix/store/sxzx8ar1mfcw0pqdwlg3jfv311qlgd1b-initrd-linux-7.2.1' to 'ssh://root@192.168.63.101'...
copying path '/nix/store/v5ajcdydxs1h7g3dnfszlgp2wvnrw77p-etc-fstab' to 'ssh://root@192.168.63.101'...
copying path '/nix/store/v6qd1gji1ndfycmsvw8cm6dz1k7ykmx9-unit-nix-daemon.socket' to 'ssh://root@192.168.63.101'...
copying path '/nix/store/vh997cnj00vbbnnahk3wjn19mvddqn9c-unit-network-addresses-enp0s8.service' to 'ssh://root@192.168.63.101'...
copying path '/nix/store/vpx16vgx8zg9067yq6qf566j0vayvplm-unit-script-virtualboxClientSeamless-pre-start' to 'ssh://root@192.168.63.101'...
copying path '/nix/store/vzgc41bw5kgbkhg89a7naf6ss2pn3q5h-unit-nix-gc.timer' to 'ssh://root@192.168.63.101'...
copying path '/nix/store/wbc1pfkjdvg9jn2sjjqc2lxxb4qa9jg7-nixos-tmpfiles.d' to 'ssh://root@192.168.63.101'...
copying path '/nix/store/wgy6nqmj741cwcm8kyk4jpcxhhayfq6d-bash_profile' to 'ssh://root@192.168.63.101'...
copying path '/nix/store/wpjgydw5s60q7l6ngnbjfdvqdi034xgh-unit-k3s-bootstrap-phase2.service' to 'ssh://root@192.168.63.101'...
copying path '/nix/store/wsmvz9q4vpg4mifbwkqiznshbfnj44v2-b43-firmware-6.30.163.46-zstd' to 'ssh://root@192.168.63.101'...
copying path '/nix/store/wv1mjxz5bsjjkhajwdzci2vskaa76rvc-hwdb.bin' to 'ssh://root@192.168.63.101'...
copying path '/nix/store/wxzalfw2q0jnkakx6w9q51fyqnndaizz-sshd.conf-final' to 'ssh://root@192.168.63.101'...
copying path '/nix/store/x12yfc6mypyjvdbx8a8j1xmgmabp4p56-etc-systemd-user.conf' to 'ssh://root@192.168.63.101'...
copying path '/nix/store/xdarxv977djkxvjvsxvcxwnwa4ywkx4i-unit-40-enp0s3.link' to 'ssh://root@192.168.63.101'...
copying path '/nix/store/xhzxy8gj7gv6w91g8h8fzqzxg9k6kb8r-unit-script-growpart-start' to 'ssh://root@192.168.63.101'...
copying path '/nix/store/xkhicvxd2gr9fv5x0y07lycpxvb9bxyn-hm_.sshconfig' to 'ssh://root@192.168.63.101'...
copying path '/nix/store/xm0368maxkgd880j8w9iwhb4vx53qd1c-hm_homevivian.localstate.keep' to 'ssh://root@192.168.63.101'...
copying path '/nix/store/xnnm2hp1hscs1lhr51g1janblc9jyf69-unbindOrUnlink-persist-etc-machine-x2did' to 'ssh://root@192.168.63.101'...
copying path '/nix/store/xvfc9d356y8v6bkmnrznnwky48zsi2r8-etc-os-release' to 'ssh://root@192.168.63.101'...
copying path '/nix/store/4y6mdf7kl5rk78cdjwsb7xk95hq4vi6h-system-path' to 'ssh://root@192.168.63.101'...
copying path '/nix/store/56zyi53dyv5af64zm674hrj7jhj298xc-install-systemd-boot.sh' to 'ssh://root@192.168.63.101'...
copying path '/nix/store/xwi5q9096i79mxwkkkshrrmh3gyfvdr7-X-Restart-Triggers-fail2ban' to 'ssh://root@192.168.63.101'...
copying path '/nix/store/y8w6bv4800qb4gklliygf4vfh70lhrsi-unit-script-network-addresses-enp0s3-pre-stop' to 'ssh://root@192.168.63.101'...
copying path '/nix/store/yw04zzjjngn897f38i6cswyrwglrpryz-unit-systemd-makefs-.service' to 'ssh://root@192.168.63.101'...
copying path '/nix/store/4j0nwsjn7ryy1fpcc8xpc0k3dl7h5fmb-unit-k3s.service' to 'ssh://root@192.168.63.101'...
copying path '/nix/store/alk21rw5zr2vnk2xjriqs0s824ii1kqh-unit-virtualboxClientDragAndDrop.service' to 'ssh://root@192.168.63.101'...
copying path '/nix/store/0q7kmm4652jk0157g0k4yzy664i1i6pa-unit-dhcpcd.service' to 'ssh://root@192.168.63.101'...
copying path '/nix/store/zbi824d9kn9w3fj8p4mml168x2wmb114-system-shutdown' to 'ssh://root@192.168.63.101'...
copying path '/nix/store/gk93h03h307agcyzd424w1d5ci236hs8-X-Restart-Triggers-systemd-sysctl' to 'ssh://root@192.168.63.101'...
copying path '/nix/store/2w2alv2dkdb25ppfw1afamd1caqv0ky6-etc-profile' to 'ssh://root@192.168.63.101'...
copying path '/nix/store/zhrjg6wxrxmdlpn6iapzpp2z2vylpvw5-home-manager.sh' to 'ssh://root@192.168.63.101'...
copying path '/nix/store/1s21zslshnx022zb1b904rbjs86amdgl-X-Restart-Triggers-nix-daemon' to 'ssh://root@192.168.63.101'...
copying path '/nix/store/9q7g3pbp87s1jy8h3yxgiia1hvi97mb0-unit-systemd-fsck-.service' to 'ssh://root@192.168.63.101'...
copying path '/nix/store/zrcfyyn7xlw8iq3p0fh09675fiizwzw6-unit-k3s-bootstrap-phase1.service' to 'ssh://root@192.168.63.101'...
copying path '/nix/store/ci4bl58j64rj35sszwlsbvm0fs7pxnz3-systemd-generator-environment.json' to 'ssh://root@192.168.63.101'...
copying path '/nix/store/j6nf2x578dy72cw4bi0mwc2mrbskpacr-etc-systemd-system.conf' to 'ssh://root@192.168.63.101'...
copying path '/nix/store/93h5d9a45g440zfy9xfiqfpnz3kw1ql3-manifest-for-users.json' to 'ssh://root@192.168.63.101'...
copying path '/nix/store/aph2mfrsyclnjljblfjwaanrci5v721n-manifest.json' to 'ssh://root@192.168.63.101'...
copying path '/nix/store/957rr6g7lyca64sbiyn3dvqin3q6n7hq-home-manager-path' to 'ssh://root@192.168.63.101'...
copying path '/nix/store/flzf15hy8jz9h87y1mmbb4q3d7zv33s6-profile' to 'ssh://root@192.168.63.101'...
copying path '/nix/store/3np3rqkdlxpy0623dy99sl2nzibwj3mb-unit-systemd-udevd.service' to 'ssh://root@192.168.63.101'...
copying path '/nix/store/dhw02jqakdm3r4w4dxcrjb1smxmnm73i-persistence-run-create-directories' to 'ssh://root@192.168.63.101'...
copying path '/nix/store/lv1cywm6cv7i6aijssvi3cjlwgigjjz3-unit-nix-gc.service' to 'ssh://root@192.168.63.101'...
copying path '/nix/store/va3dksfdm3ahh73v590y4h92bl7baqn2-unit-virtualboxClientSeamless.service' to 'ssh://root@192.168.63.101'...
copying path '/nix/store/36hp8r25zjafagjvgq3jpn92k20a0mx3-tmpfiles.d' to 'ssh://root@192.168.63.101'...
copying path '/nix/store/hcini36w79innv63jxr8wszmkjpagypv-firmware' to 'ssh://root@192.168.63.101'...
copying path '/nix/store/1hr5n4fl68wi434s6clc0bxl3y8wfgbb-X-Restart-Triggers-sshd' to 'ssh://root@192.168.63.101'...
copying path '/nix/store/6iwwf498y4b2cybl6ni2h0ny65q00qgi-unit-growpart.service' to 'ssh://root@192.168.63.101'...
copying path '/nix/store/yz5fzv5870qrk4496b0wq6mk5ixah0r0-unit-persist-persist-etc-machine-x2did.service' to 'ssh://root@192.168.63.101'...
copying path '/nix/store/9rhf1djw3248cq7rmz5vcc4q1hmh8v38-shutdown-ramfs-contents.json' to 'ssh://root@192.168.63.101'...
copying path '/nix/store/g02vnnl5nfh7z3bny5x2zbj09xibd4ng-dbus-1' to 'ssh://root@192.168.63.101'...
copying path '/nix/store/lsgqyxqrwdyifhrv70fiyq9658hfr1aq-unit-fail2ban.service' to 'ssh://root@192.168.63.101'...
copying path '/nix/store/x4fdplinya3axys1pjdqw4gwm3b094zf-unit-network-addresses-enp0s3.service' to 'ssh://root@192.168.63.101'...
copying path '/nix/store/4b5nipyhia1m77ic9z1idww9qgnbh26k-unit-systemd-sysctl.service' to 'ssh://root@192.168.63.101'...
copying path '/nix/store/0j8z3qzg1r2i1q0l5vpd52dvqzxd83lk-check-link-targets.sh' to 'ssh://root@192.168.63.101'...
copying path '/nix/store/f5xa25i06hk8a3lzwy6dy60n898dvyjj-cleanup' to 'ssh://root@192.168.63.101'...
copying path '/nix/store/lw8y6ikdffd6qxxyppgzidrjnk8jv0ah-link' to 'ssh://root@192.168.63.101'...
copying path '/nix/store/9ba0mnixjyx4ng90420fbnzs2kyz0ndy-unit-nix-daemon.service' to 'ssh://root@192.168.63.101'...
copying path '/nix/store/10b82yjg5sdn70m7rzl9almakifgmncj-home-manager-files' to 'ssh://root@192.168.63.101'...
copying path '/nix/store/cc6w4zssv5r5jsqrp2w2bidppfyixylr-X-Restart-Triggers-systemd-tmpfiles-resetup' to 'ssh://root@192.168.63.101'...
copying path '/nix/store/6qyha6v7656y4y4ipc9ybk4zc3gwbqa9-etc-modprobe.d-firmware.conf' to 'ssh://root@192.168.63.101'...
copying path '/nix/store/adggpnhx3sal7xj3m12zz5n1sin4m00l-unit-sshd.service' to 'ssh://root@192.168.63.101'...
copying path '/nix/store/6qljjqhvdv01ka8pw4bin2f0q4qw3yw7-unit-generate-shutdown-ramfs.service' to 'ssh://root@192.168.63.101'...
copying path '/nix/store/a9sqxplvjf9jchjnwgvh447a87rqg32j-X-Restart-Triggers-dbus-broker' to 'ssh://root@192.168.63.101'...
copying path '/nix/store/wkkcx17c6ly13p33sw5gphcxrqvylljf-home-manager-generation' to 'ssh://root@192.168.63.101'...
copying path '/nix/store/bq16g3lsj9r7i5vkn6wmh82jdmvibl7s-unit-systemd-tmpfiles-resetup.service' to 'ssh://root@192.168.63.101'...
copying path '/nix/store/ai81aw50bgha8d3kqqw3qcwd5wdb6h5z-unit-dbus-broker.service' to 'ssh://root@192.168.63.101'...
copying path '/nix/store/c9lh2mcdrw6615pj7blf0fcwczi640rv-unit-dbus-broker.service' to 'ssh://root@192.168.63.101'...
copying path '/nix/store/zmdkis6l49grslcfv7kgxp685qqnipfn-unit-home-manager-vivian.service' to 'ssh://root@192.168.63.101'...
copying path '/nix/store/vhib6i55wkf0lz2396vw7ifbb95sacd0-user-units' to 'ssh://root@192.168.63.101'...
copying path '/nix/store/wgm2fly13lb0kyhmz3bh2dizx3h7xgc1-system-units' to 'ssh://root@192.168.63.101'...
copying path '/nix/store/dci5p5zz5irb5agn7q2k0gfcq0a6dkx5-etc' to 'ssh://root@192.168.63.101'...
copying path '/nix/store/d4382qgbk5mb8ziay941xn8x5j4ibyyl-nixos-system-n1-vm-virtualbox-26.05.20260827.d57af92' to 'ssh://root@192.168.63.101'...
### Copying extra files ###
Warning: Permanently added '192.168.63.101' (ED25519) to the list of known hosts.
Warning: Permanently added '192.168.63.101' (ED25519) to the list of known hosts.
### Installing NixOS ###
Warning: Permanently added '192.168.63.101' (ED25519) to the list of known hosts.
installing the boot loader...
generating machine-specific age key...
Public key: age1hc86dha6zck07m47xg7gjgqlqhttupapnxwlfhfeug8ed7hmkpkspc8ehl
setting up secrets for users...
sops-install-secrets: Imported /persist/etc/ssh/ssh_host_ed25519_key as age key with fingerprint age1uguqjrwzsg4es6d6ytej7xvy5slaj3qmu8hget5v2zxglkv0jd6s7ehghm
Warning: Source directory '/persist/var' does not exist; it will be created for you with the following permissions: owner: 'root:root', mode: '0755'.
Warning: Source directory '/persist/var/lib' does not exist; it will be created for you with the following permissions: owner: 'root:root', mode: '0755'.
Warning: Source directory '/persist/var/lib/systemd' does not exist; it will be created for you with the following permissions: owner: 'root:root', mode: '0755'.
Warning: Source directory '/persist/var/lib/nixos' does not exist; it will be created for you with the following permissions: owner: 'root:root', mode: '0755'.
Warning: Source directory '/persist/var/lib/systemd/timers' does not exist; it will be created for you with the following permissions: owner: 'root:root', mode: '0755'.
Warning: Source directory '/persist/var/log' does not exist; it will be created for you with the following permissions: owner: 'root:root', mode: '0755'.
setting up /etc...
Creating initial /etc/machine-id
setting up secrets...
sops-install-secrets: Imported /persist/etc/ssh/ssh_host_ed25519_key as age key with fingerprint age1uguqjrwzsg4es6d6ytej7xvy5slaj3qmu8hget5v2zxglkv0jd6s7ehghm
Not checking switch inhibitors (action = boot)
Running in a chroot, enabling --graceful.
Created directory "/boot/EFI".
Created directory "/boot/EFI/systemd".
Created directory "/boot/EFI/BOOT".
Created directory "/boot/loader".
Created directory "/boot/loader/keys".
Created directory "/boot/loader".
Created directory "/boot/loader/entries".
Created directory "/boot/EFI".
Created directory "/boot/EFI/Linux".
Copied "/nix/store/0xiinbh7pbj479i5v28mqnjrvhvbdibf-systemd-260.2/lib/systemd/boot/efi/systemd-bootx64.efi" to "/boot/EFI/systemd/systemd-bootx64.efi".
Copied "/nix/store/0xiinbh7pbj479i5v28mqnjrvhvbdibf-systemd-260.2/lib/systemd/boot/efi/systemd-bootx64.efi" to "/boot/EFI/BOOT/BOOTX64.EFI".
Random seed file /boot/loader/random-seed successfully written (32 bytes).
installation finished!
### Done! ###
